车辆,区域,时间,region
桂FB1360,富民商贸615,2021-06-14 23:01:00,区域
冀A293E1,富民商贸615,2021-06-14 21:44:00,区域
鲁QH6630,富民商贸615,2021-06-14 20:50:00,区域
赣D18340,富民商贸615,2021-06-14 19:01:00,区域
吉C4G488,富民商贸615,2021-06-14 18:30:00,区域
鲁PH5066,富民商贸615,2021-06-14 18:24:00,区域
鲁PH7317,富民商贸615,2021-06-14 18:12:00,区域
鲁Q500JG,富民商贸615,2021-06-14 17:42:00,区域
豫LF8833,富民商贸615,2021-06-14 17:28:00,区域
闽AR0851,富民商贸615,2021-06-14 17:22:00,区域
桂AA8532,富民商贸615,2021-06-14 17:14:00,区域
鲁PT2186,富民商贸615,2021-06-14 17:13:00,区域
皖C83227,富民商贸615,2021-06-14 17:08:00,区域
赣A30625,富民商贸615,2021-06-14 17:03:00,区域
鲁Q117JN,富民商贸615,2021-06-14 17:00:00,区域
粤BHC599,区域四,2021-06-14 16:54:00,区域
鲁H01L50,区域四,2021-06-14 16:41:00,区域
辽HA5306,区域四,2021-06-14 16:34:00,区域
鲁YC7793,区域四,2021-06-14 16:19:00,区域
桂P06501,区域四,2021-06-14 15:46:00,区域
皖KS6750,区域四,2021-06-14 15:35:00,区域
桂AQ1813,区域四,2021-06-14 15:35:00,区域
桂E56630,区域四,2021-06-14 15:34:00,区域
鲁FBK087,区域四,2021-06-14 15:16:00,区域
辽BHJ820,区域四,2021-06-14 15:08:00,区域
鲁FAS559,区域四,2021-06-14 15:06:00,区域
陕AQ7050,区域四,2021-06-14 15:04:00,区域
鲁FA7992,区域四,2021-06-14 14:38:00,区域
豫NS5071,区域四,2021-06-14 14:36:00,区域
桂P20969,区域四,2021-06-14 14:28:00,区域
鲁YC7793,区域三,2021-06-14 16:09:00,区域
辽FL7157,区域四,2021-06-14 13:11:00,区域
豫NM2210,区域四,2021-06-14 13:01:00,区域
鲁NY2783,区域四,2021-06-14 12:50:00,区域
浙G51137,区域四,2021-06-14 11:53:00,区域
桂K18960,区域四,2021-06-14 11:53:00,区域
冀C98178,区域四,2021-06-14 11:36:00,区域
粤BHK627,区域四,2021-06-14 11:32:00,区域
鲁Q703LE,区域四,2021-06-14 11:22:00,区域
苏ERM671,区域四,2021-06-14 11:07:00,区域
湘J35929,区域四,2021-06-14 10:48:00,区域
桂KV1010,区域四,2021-06-14 10:47:00,区域
冀A918V6,区域四,2021-06-13 23:56:00,区域
桂NC3518,区域四,2021-06-13 22:55:00,区域
鲁Q7510H,区域四,2021-06-13 22:23:00,区域
豫A7786P,区域四,2021-06-13 21:06:00,区域
桂P26769,区域四,2021-06-13 20:31:00,区域
豫U78600,区域三,2021-06-13 18:34:00,区域
鲁FAA857,区域四,2021-06-13 18:16:00,区域
鲁UR8011,区域四,2021-06-13 18:11:00,区域
鲁FBF577,区域四,2021-06-13 17:12:00,区域
桂K13430,区域四,2021-06-13 17:08:00,区域
闽C95023,区域四,2021-06-13 17:07:00,区域
桂AP2189,区域四,2021-06-13 16:34:00,区域
桂KL6802,区域四,2021-06-13 15:56:00,区域
吉H96777,区域四,2021-06-13 15:50:00,区域
辽HK7080,区域四,2021-06-13 15:43:00,区域
皖KP0826,区域四,2021-06-13 15:19:00,区域
桂K38230,区域四,2021-06-13 15:18:00,区域
鄂FNP636,区域四,2021-06-13 15:16:00,区域
闽A5M720,区域四,2021-06-13 15:00:00,区域
鲁PU8310,区域四,2021-06-13 14:55:00,区域
津CA6071,区域四,2021-06-13 14:54:00,区域
鲁UX2688,区域四,2021-06-13 14:21:00,区域
鲁PN1697,区域四,2021-06-13 14:09:00,区域
桂KB2970,区域四,2021-06-13 13:48:00,区域
鲁FBA877,区域四,2021-06-13 13:38:00,区域
鲁Q6346H,区域四,2021-06-13 12:15:00,区域
桂KA9179,区域四,2021-06-13 11:47:00,区域
鲁FAK307,区域四,2021-06-13 11:41:00,区域
鲁Q278AP,区域四,2021-06-13 11:33:00,区域
豫RRZ715,区域四,2021-06-13 11:10:00,区域
沪EG7225,区域四,2021-06-13 11:00:00,区域
桂P87626,区域四,2021-06-13 10:30:00,区域
鲁RL7622,区域四,2021-06-13 10:29:00,区域
皖KP9753,区域四,2021-06-13 10:26:00,区域
辽HQ3526,区域四,2021-06-13 10:17:00,区域
鄂AMU798,区域四,2021-06-13 09:41:00,区域
鲁PQ5136,区域四,2021-06-13 09:37:00,区域
赣CC4986,富民商贸615,2021-06-13 09:28:00,区域
桂P18088,富民商贸615,2021-06-13 08:26:00,区域
鲁PQ9832,富民商贸615,2021-06-12 23:25:00,区域
桂N60995,富民商贸615,2021-06-12 22:54:00,区域
川ADJ718,富民商贸615,2021-06-12 22:40:00,区域
豫K58448,富民商贸615,2021-06-12 21:37:00,区域
辽J61715,富民商贸615,2021-06-12 20:33:00,区域
冀A7B512,富民商贸615,2021-06-12 19:05:00,区域
桂P58669,富民商贸615,2021-06-12 18:42:00,区域
苏CJW699,富民商贸615,2021-06-12 18:37:00,区域
桂N96116,富民商贸615,2021-06-12 18:31:00,区域
湘C77309,富民商贸615,2021-06-12 17:51:00,区域
豫PR6621,富民商贸615,2021-06-12 17:23:00,区域
苏F89575,富民商贸615,2021-06-12 17:13:00,区域
鲁PQ0561,富民商贸615,2021-06-12 16:47:00,区域
辽BN3308,区域三,2021-06-12 16:37:00,区域
辽BHP082,富民商贸615,2021-06-12 16:07:00,区域
皖LB4171,富民商贸615,2021-06-12 15:21:00,区域
豫NN3193,富民商贸615,2021-06-12 15:00:00,区域
鲁Q655KV,富民商贸615,2021-06-12 14:44:00,区域
冀GM5692,富民商贸615,2021-06-12 14:44:00,区域
鲁FCC357,富民商贸615,2021-06-12 14:27:00,区域
鲁FAE639,富民商贸615,2021-06-12 14:17:00,区域
湘AJ2802,富民商贸615,2021-06-12 14:15:00,区域
辽ACJ249,富民商贸615,2021-06-12 14:07:00,区域
桂P81516,富民商贸615,2021-06-12 14:01:00,区域
桂P53698,富民商贸615,2021-06-12 13:58:00,区域
贵EB1208,富民商贸615,2021-06-12 13:18:00,区域
辽HK7680,富民商贸615,2021-06-12 12:30:00,区域
苏CKT176,富民商贸615,2021-06-12 12:26:00,区域
鲁Q397JD,富民商贸615,2021-06-12 12:10:00,区域
桂P28158,富民商贸615,2021-06-12 12:02:00,区域
赣D73596,富民商贸615,2021-06-12 12:00:00,区域
湘JB1397,富民商贸615,2021-06-12 11:59:00,区域
桂KR3675,富民商贸615,2021-06-12 11:14:00,区域
桂N60099,富民商贸615,2021-06-12 11:07:00,区域
赣K66761,富民商贸615,2021-06-12 11:05:00,区域
皖S63780,富民商贸615,2021-06-12 11:04:00,区域
鲁H27J53,富民商贸615,2021-06-12 10:41:00,区域
鄂AMH538,富民商贸615,2021-06-12 10:34:00,区域
豫PS6026,富民商贸615,2021-06-12 10:27:00,区域
桂P18801,富民商贸615,2021-06-12 10:17:00,区域
冀EH7226,富民商贸615,2021-06-12 10:09:00,区域
苏CJY751,富民商贸615,2021-06-12 10:05:00,区域
桂P23386,富民商贸615,2021-06-12 09:11:00,区域
浙B1U657,富民商贸615,2021-06-12 08:29:00,区域
豫LH9156,富民商贸615,2021-06-12 08:08:00,区域
桂ND8930,富民商贸615,2021-06-12 08:02:00,区域
粤BJJ355,富民商贸615,2021-06-12 07:40:00,区域
豫PK3579,富民商贸615,2021-06-12 07:15:00,区域
豫EU9121,富民商贸615,2021-06-11 22:15:00,区域
辽BHG328,富民商贸615,2021-06-11 21:34:00,区域
辽HH7891,富民商贸615,2021-06-11 21:18:00,区域
粤BEH266,富民商贸615,2021-06-11 21:16:00,区域
豫NV7598,富民商贸615,2021-06-11 21:03:00,区域
鲁PX7899,富民商贸615,2021-06-11 20:41:00,区域
鲁PW5183,富民商贸615,2021-06-11 19:59:00,区域
鲁FBE297,富民商贸615,2021-06-11 18:33:00,区域
浙B3C780,富民商贸615,2021-06-11 17:50:00,区域
晋MW1448,富民商贸615,2021-06-11 17:47:00,区域
鲁GY1788,富民商贸615,2021-06-11 17:31:00,区域
桂K22710,富民商贸615,2021-06-11 17:28:00,区域
鲁PP7023,富民商贸615,2021-06-11 17:26:00,区域
鲁FBV106,富民商贸615,2021-06-11 17:06:00,区域
鲁FW0096,富民商贸615,2021-06-11 16:54:00,区域
鲁FBU072,富民商贸615,2021-06-11 16:49:00,区域
豫K99062,富民商贸615,2021-06-11 16:18:00,区域
桂AY5099,富民商贸615,2021-06-11 16:08:00,区域
豫N38A8D,富民商贸615,2021-06-11 15:59:00,区域
桂BW1356,富民商贸615,2021-06-11 15:44:00,区域
桂K15279,富民商贸615,2021-06-11 15:36:00,区域
浙B2N025,富民商贸615,2021-06-11 15:32:00,区域
鲁Q762GT,富民商贸615,2021-06-11 15:26:00,区域
桂E16919,富民商贸615,2021-06-11 14:56:00,区域
冀EH7066,富民商贸615,2021-06-11 14:54:00,区域
皖LC2058,富民商贸615,2021-06-11 14:35:00,区域
冀B7T790,区域三,2021-06-11 14:23:00,区域
鲁M3E520,区域三,2021-06-11 14:09:00,区域
鲁UP7698,富民商贸615,2021-06-11 13:26:00,区域
鲁PU2653,富民商贸615,2021-06-11 12:52:00,区域
闽AM6308,富民商贸615,2021-06-11 12:46:00,区域
桂KK1139,富民商贸615,2021-06-11 12:26:00,区域
鲁MCN878,区域四,2021-06-11 12:20:00,区域
川ACJ183,区域四,2021-06-11 12:02:00,区域
豫BXJ816,区域四,2021-06-11 11:54:00,区域
桂NB7191,区域四,2021-06-11 11:45:00,区域
桂KY0903,区域四,2021-06-11 11:38:00,区域
桂AD8509,区域四,2021-06-11 11:34:00,区域
桂P16922,区域四,2021-06-11 11:32:00,区域
鲁YC7027,区域四,2021-06-11 11:31:00,区域
豫JB6362,区域四,2021-06-11 11:16:00,区域
鲁Q276JG,区域四,2021-06-11 11:16:00,区域
辽ACF815,区域四,2021-06-11 11:04:00,区域
辽ACF815,区域四,2021-06-11 10:58:00,区域
赣C0Q738,区域四,2021-06-11 10:56:00,区域
桂ND1896,区域四,2021-06-11 10:52:00,区域
桂ND1896,富民,2021-06-11 10:50:00,区域
桂ND1896,区域四,2021-06-11 10:47:00,区域
桂P05593,区域四,2021-06-11 10:46:00,区域
鲁YC5298,富民,2021-06-11 10:41:00,区域
鲁Q297JT,区域四,2021-06-11 10:41:00,区域
吉A5L177,区域四,2021-06-11 10:37:00,区域
冀AKK679,富民,2021-06-11 10:36:00,区域
吉A5L177,富民,2021-06-11 10:35:00,区域
冀AKK679,区域四,2021-06-11 10:32:00,区域
桂P25278,区域四,2021-06-11 10:30:00,区域
湘AG1866,区域四,2021-06-11 10:25:00,区域
浙B1V702,区域四,2021-06-11 10:23:00,区域
浙B1V702,富民,2021-06-11 10:20:00,区域
皖SD3337,袁木桂,2021-06-11 10:14:00,区域
鲁Q603DH,富民,2021-06-11 10:14:00,区域
皖SD3337,区域四,2021-06-11 10:12:00,区域
鲁Q603DH,区域四,2021-06-11 10:12:00,区域
桂P59810,富民,2021-06-11 10:11:00,区域
鲁PM7107,富民,2021-06-11 10:07:00,区域
鲁PM7107,区域四,2021-06-11 10:05:00,区域
桂KK3267,富民,2021-06-11 10:04:00,区域
浙B0Z325,袁木桂,2021-06-11 09:57:00,区域
浙B0Z325,区域四,2021-06-11 09:57:00,区域
粤G54981,区域四,2021-06-11 09:54:00,区域
桂KK1139,富民,2021-06-11 09:53:00,区域
桂KB2573,区域四,2021-06-11 09:47:00,区域
桂KB2573,富民,2021-06-11 09:46:00,区域
浙B0Z325,区域四,2021-06-11 09:44:00,区域
桂KR3675,富民,2021-06-11 09:41:00,区域
桂E61011,区域四,2021-06-11 09:39:00,区域
桂KR3675,天鹅湖,2021-06-11 09:39:00,区域
桂MR6510,富民,2021-06-11 09:37:00,区域
桂N92819,富民,2021-06-11 09:36:00,区域
桂P02720,富民,2021-06-11 09:34:00,区域
桂MR6510,天鹅湖,2021-06-11 09:34:00,区域
桂N92819,天鹅湖,2021-06-11 09:34:00,区域
桂P23378,天鹅湖,2021-06-11 09:34:00,区域
桂AP8363,区域四,2021-06-11 09:33:00,区域
桂K38593,富民,2021-06-11 09:32:00,区域
桂K38593,天鹅湖,2021-06-11 09:29:00,区域
粤KP7773,天鹅湖,2021-06-11 09:28:00,区域
粤KP7773,富民,2021-06-11 09:26:00,区域
鲁Q877GZ,富民,2021-06-11 09:16:00,区域
鲁K92589,富民,2021-06-11 09:15:00,区域
吉A5L177,天鹅湖,2021-06-11 09:13:00,区域
鲁Q877GZ,天鹅湖,2021-06-11 09:13:00,区域
鲁K92589,天鹅湖,2021-06-11 09:13:00,区域
鲁PS5295,富民,2021-06-11 08:58:00,区域
鲁PS5295,区域四,2021-06-11 08:58:00,区域
鲁PS5295,天鹅湖,2021-06-11 08:55:00,区域
桂KU3073,富民,2021-06-11 08:52:00,区域
桂K29835,天鹅湖,2021-06-11 08:50:00,区域
晋MW1448,天鹅湖,2021-06-11 08:50:00,区域
桂N67281,天鹅湖,2021-06-11 08:49:00,区域
鲁H25L89,富民,2021-06-11 08:39:00,区域
鲁H25L89,天鹅湖,2021-06-11 08:36:00,区域
赣C8870W,富民,2021-06-11 08:31:00,区域
赣C8870W,天鹅湖,2021-06-11 08:29:00,区域
豫JA6733,区域四,2021-06-11 08:27:00,区域
豫JA6733,富民,2021-06-11 08:26:00,区域
桂AQ8379,天鹅湖,2021-06-11 08:24:00,区域
豫JA6733,天鹅湖,2021-06-11 08:24:00,区域
川J65222,富民,2021-06-11 08:23:00,区域
川J65222,天鹅湖,2021-06-11 08:21:00,区域
桂P12137,天鹅湖,2021-06-11 08:17:00,区域
晋MU5977,袁木桂,2021-06-11 08:15:00,区域
桂AX0556,富民,2021-06-11 08:14:00,区域
桂N61579,富民,2021-06-11 08:12:00,区域
桂AX0556,区域四,2021-06-11 08:11:00,区域
晋MU5977,区域四,2021-06-11 08:11:00,区域
桂P11552,富民,2021-06-11 08:04:00,区域
桂P11552,区域四,2021-06-11 08:04:00,区域
鲁FBU072,富民商贸615,2021-06-11 16:41:00,区域
桂P85039,区域四,2021-06-11 08:02:00,区域
桂P87656,区域四,2021-06-11 08:01:00,区域
桂P11552,区域四,2021-06-11 08:00:00,区域
桂KL7226,富民,2021-06-11 07:58:00,区域
桂KL7226,区域四,2021-06-11 07:55:00,区域
桂K23840,区域四,2021-06-11 07:55:00,区域
桂P21000,区域四,2021-06-11 07:53:00,区域
桂N61579,区域四,2021-06-11 07:47:00,区域
桂AV7806,区域四,2021-06-11 07:43:00,区域
赣C0566N,富民,2021-06-11 07:32:00,区域
桂K23840,富民,2021-06-11 07:29:00,区域
赣C0566N,区域四,2021-06-11 07:26:00,区域
辽CD3008,富民商贸615,2021-06-11 07:25:00,区域
辽CD3008,富民,2021-06-11 07:24:00,区域
辽CD3008,区域四,2021-06-11 07:21:00,区域
桂P82725,区域四,2021-06-11 07:13:00,区域
川AAC371,富民,2021-06-11 07:07:00,区域
川AAC371,区域四,2021-06-11 07:03:00,区域
桂AE3879,区域四,2021-06-11 06:52:00,区域
冀EN6653,富民,2021-06-11 06:37:00,区域
冀EN6653,区域四,2021-06-11 06:36:00,区域
豫PT6256,区域四,2021-06-11 06:35:00,区域
赣C0Q738,区域四,2021-06-11 06:17:00,区域
桂KK1852,富民,2021-06-11 05:55:00,区域
桂P27138,区域四,2021-06-11 05:50:00,区域
桂KK1852,区域四,2021-06-11 05:30:00,区域
桂KF2270,富民,2021-06-11 05:29:00,区域
桂KF2270,区域四,2021-06-11 05:27:00,区域
桂NB1928,区域四,2021-06-11 04:50:00,区域
桂KZ0285,富民,2021-06-11 04:44:00,区域
桂K25786,富民,2021-06-11 04:35:00,区域
桂NC0302,富民,2021-06-11 04:26:00,区域
桂AZ8528,袁木桂,2021-06-11 04:21:00,区域
桂KV1975,富民,2021-06-11 03:01:00,区域
冀A5559H,富民商贸615,2021-06-11 02:58:00,区域
桂P08762,区域四,2021-06-11 02:14:00,区域
赣K60392,天鹅湖,2021-06-11 02:06:00,区域
桂AQ3959,天鹅湖,2021-06-11 01:29:00,区域
桂KU1006,富民,2021-06-11 01:06:00,区域
桂KU1006,天鹅湖,2021-06-11 01:03:00,区域
辽J61715,天鹅湖,2021-06-11 00:41:00,区域
桂P26129,天鹅湖,2021-06-11 00:35:00,区域
鲁Q326CP,天鹅湖,2021-06-11 00:29:00,区域
鲁Q326CP,富民,2021-06-11 00:24:00,区域
桂P80893,天鹅湖,2021-06-11 00:14:00,区域
冀EV4665,天鹅湖,2021-06-11 00:13:00,区域
甘D62559,富民,2021-06-11 00:04:00,区域
鲁PL1057,天鹅湖,2021-06-10 23:56:00,区域
赣AQ6229,天鹅湖,2021-06-10 23:45:00,区域
赣A98613,天鹅湖,2021-06-10 22:50:00,区域
鲁PP9685,天鹅湖,2021-06-10 22:39:00,区域
桂K73137,天鹅湖,2021-06-10 22:28:00,区域
桂AE6336,富民,2021-06-10 22:19:00,区域
苏CKA355,天鹅湖,2021-06-10 22:19:00,区域
皖KN2929,富民,2021-06-10 22:17:00,区域
闽AR7670,富民,2021-06-10 22:16:00,区域
闽AR7670,富民商贸615,2021-06-10 22:16:00,区域
皖KN2929,天鹅湖,2021-06-10 22:14:00,区域
闽AR7670,天鹅湖,2021-06-10 22:13:00,区域
桂NB6579,天鹅湖,2021-06-10 22:05:00,区域
豫NV5017,富民商贸615,2021-06-10 22:00:00,区域
豫LM0091,富民,2021-06-10 21:52:00,区域
豫LM0091,天鹅湖,2021-06-10 21:50:00,区域
鲁FCB168,天鹅湖,2021-06-10 21:49:00,区域
豫JA1051,富民商贸615,2021-06-10 21:27:00,区域
鲁Q872EK,富民商贸615,2021-06-10 21:06:00,区域
桂P26686,富民,2021-06-10 20:58:00,区域
桂P26686,天鹅湖,2021-06-10 20:56:00,区域
桂P58669,天鹅湖,2021-06-10 20:54:00,区域
豫NL8702,富民商贸615,2021-06-10 20:49:00,区域
湘M08152,天鹅湖,2021-06-10 20:42:00,区域
豫NV7598,富民,2021-06-10 20:32:00,区域
豫NV7598,天鹅湖,2021-06-10 20:29:00,区域
桂P82896,富民,2021-06-10 20:24:00,区域
桂P28281,天鹅湖,2021-06-10 20:20:00,区域
鲁FBY169,天鹅湖,2021-06-10 20:07:00,区域
鲁FBY169,富民,2021-06-10 20:04:00,区域
湘J7E219,富民,2021-06-10 20:00:00,区域
桂A97396,天鹅湖,2021-06-10 19:57:00,区域
赣M23868,富民,2021-06-10 19:56:00,区域
苏CKT700,富民,2021-06-10 19:55:00,区域
赣M23868,天鹅湖,2021-06-10 19:54:00,区域
桂BW3521,天鹅湖,2021-06-10 19:53:00,区域
豫NL8702,富民,2021-06-10 19:44:00,区域
豫JA1051,袁木桂,2021-06-10 19:38:00,区域
桂P28202,富民,2021-06-10 19:37:00,区域
冀A845UE,天鹅湖,2021-06-10 19:36:00,区域
豫JA1051,天鹅湖,2021-06-10 19:36:00,区域
桂N67385,富民,2021-06-10 19:26:00,区域
桂N67385,天鹅湖,2021-06-10 19:23:00,区域
粤BHW375,富民,2021-06-10 19:16:00,区域
黑AAJ789,富民商贸615,2021-06-10 19:13:00,区域
黑AAJ789,富民,2021-06-10 19:09:00,区域
黑AAJ789,天鹅湖,2021-06-10 19:07:00,区域
桂C15127,天鹅湖,2021-06-10 19:04:00,区域
豫NE6691,天鹅湖,2021-06-10 19:03:00,区域
桂P17909,富民,2021-06-10 19:02:00,区域
豫B78S62,富民,2021-06-10 18:58:00,区域
鲁PN8956,富民商贸615,2021-06-10 18:50:00,区域
桂KR0251,富民,2021-06-10 18:49:00,区域
冀EF9795,富民商贸615,2021-06-10 18:49:00,区域
冀EG2289,天鹅湖,2021-06-10 18:49:00,区域
鲁PN8956,富民,2021-06-10 18:47:00,区域
桂NB8276,天鹅湖,2021-06-10 18:47:00,区域
冀EF9795,富民,2021-06-10 18:44:00,区域
桂AV5372,天鹅湖,2021-06-10 18:44:00,区域
冀EF9795,天鹅湖,2021-06-10 18:42:00,区域
桂FC9607,富民,2021-06-10 18:40:00,区域
桂P56836,天鹅湖,2021-06-10 18:39:00,区域
鲁DD6586,富民,2021-06-10 18:37:00,区域
桂FC9607,天鹅湖,2021-06-10 18:36:00,区域
豫B10589,富民商贸615,2021-06-10 18:34:00,区域
湘JB1397,区域四,2021-06-10 18:34:00,区域
赣DE2290,富民,2021-06-10 18:31:00,区域
桂P08035,富民,2021-06-10 18:27:00,区域
桂P05081,富民,2021-06-10 18:24:00,区域
桂P05081,区域四,2021-06-10 18:22:00,区域
桂K29328,袁木桂,2021-06-10 18:19:00,区域
桂NB6319,区域四,2021-06-10 18:18:00,区域
桂P81328,区域四,2021-06-10 18:18:00,区域
桂E78635,富民商贸615,2021-06-10 18:16:00,区域
桂P86689,富民商贸615,2021-06-10 18:14:00,区域
桂E78635,区域四,2021-06-10 18:12:00,区域
苏NCY957,富民商贸615,2021-06-10 18:11:00,区域
豫B78S62,区域四,2021-06-10 18:10:00,区域
鲁PN8956,区域四,2021-06-10 18:10:00,区域
辽AES616,区域四,2021-06-10 18:08:00,区域
桂P11178,区域四,2021-06-10 18:05:00,区域
苏CJW699,富民,2021-06-10 18:01:00,区域
桂KX8660,区域四,2021-06-10 17:55:00,区域
桂NB7191,富民,2021-06-10 17:49:00,区域
桂NB7191,区域四,2021-06-10 17:45:00,区域
赣CQ9106,区域四,2021-06-10 17:38:00,区域
桂KA5961,富民,2021-06-10 17:36:00,区域
鲁PP9685,富民,2021-06-10 17:28:00,区域
鲁Q960DA,富民商贸615,2021-06-10 17:26:00,区域
鲁Q960DA,富民,2021-06-10 17:25:00,区域
皖LB4171,富民,2021-06-10 17:24:00,区域
桂K15711,区域四,2021-06-10 17:24:00,区域
鲁Q960DA,区域四,2021-06-10 17:21:00,区域
皖LB4171,区域四,2021-06-10 17:21:00,区域
桂P80770,富民,2021-06-10 17:18:00,区域
桂P55587,区域四,2021-06-10 17:18:00,区域
川X62191,区域四,2021-06-10 17:16:00,区域
桂P80770,区域四,2021-06-10 17:15:00,区域
浙B2V067,区域四,2021-06-10 17:12:00,区域
桂KA5961,区域四,2021-06-10 17:12:00,区域
桂P13081,富民商贸615,2021-06-10 17:08:00,区域
津CE1695,富民,2021-06-10 17:05:00,区域
鲁Q369KS,富民商贸615,2021-06-10 17:04:00,区域
津CE1695,区域四,2021-06-10 17:03:00,区域
鲁PN9669,富民商贸615,2021-06-10 17:01:00,区域
皖LB3385,富民,2021-06-10 17:00:00,区域
桂ND9971,富民,2021-06-10 16:59:00,区域
鲁PN9669,区域四,2021-06-10 16:58:00,区域
赣CBF362,区域四,2021-06-10 16:58:00,区域
皖LB3385,天鹅湖,2021-06-10 16:57:00,区域
桂ND9971,天鹅湖,2021-06-10 16:57:00,区域
川ACZ685,富民,2021-06-10 16:55:00,区域
桂AE7712,富民,2021-06-10 16:53:00,区域
川ACZ685,天鹅湖,2021-06-10 16:53:00,区域
桂P55011,富民,2021-06-10 16:49:00,区域
桂AE7712,天鹅湖,2021-06-10 16:49:00,区域
桂KL5398,天鹅湖,2021-06-10 16:47:00,区域
桂KK0672,富民,2021-06-10 16:43:00,区域
甘A76351,富民,2021-06-10 16:38:00,区域
粤BEQ634,富民,2021-06-10 16:37:00,区域
豫NE3313,富民商贸615,2021-06-10 16:36:00,区域
甘A76351,天鹅湖,2021-06-10 16:35:00,区域
豫NE3313,富民,2021-06-10 16:34:00,区域
豫NE3313,天鹅湖,2021-06-10 16:32:00,区域
桂P25252,袁木桂,2021-06-10 16:31:00,区域
桂P21298,富民,2021-06-10 16:28:00,区域
桂KL6802,天鹅湖,2021-06-10 16:27:00,区域
湘M08152,富民商贸615,2021-06-10 16:26:00,区域
桂E61029,天鹅湖,2021-06-10 16:26:00,区域
豫NV5017,天鹅湖,2021-06-10 16:26:00,区域
湘M08152,富民,2021-06-10 16:25:00,区域
桂P82896,天鹅湖,2021-06-10 16:25:00,区域
豫NE6691,富民,2021-06-10 16:24:00,区域
豫NE6691,富民商贸615,2021-06-10 16:24:00,区域
桂P10036,天鹅湖,2021-06-10 16:24:00,区域
桂E61029,富民,2021-06-10 16:18:00,区域
鲁H85L89,富民,2021-06-10 16:17:00,区域
桂P23329,天鹅湖,2021-06-10 16:17:00,区域
鲁H85L89,天鹅湖,2021-06-10 16:15:00,区域
赣CH9037,富民,2021-06-10 16:14:00,区域
鲁FBU072,天鹅湖,2021-06-10 16:14:00,区域
桂P18906,富民,2021-06-10 16:11:00,区域
桂P05772,富民,2021-06-10 16:05:00,区域
桂P05772,天鹅湖,2021-06-10 16:03:00,区域
桂AW0336,富民,2021-06-10 16:01:00,区域
桂P21909,天鹅湖,2021-06-10 15:59:00,区域
桂P21909,富民,2021-06-10 15:58:00,区域
鲁UX9198,富民商贸615,2021-06-10 15:58:00,区域
皖KR8672,富民,2021-06-10 15:57:00,区域
皖KR8672,天鹅湖,2021-06-10 15:55:00,区域
桂K65813,天鹅湖,2021-06-10 15:55:00,区域
桂KV8150,富民商贸615,2021-06-10 15:54:00,区域
鲁FW0096,天鹅湖,2021-06-10 15:53:00,区域
辽BHN117,富民,2021-06-10 15:50:00,区域
桂C15127,富民商贸615,2021-06-10 15:47:00,区域
桂KB5356,天鹅湖,2021-06-10 15:45:00,区域
赣DJ0631,富民商贸615,2021-06-10 15:43:00,区域
苏CJW699,天鹅湖,2021-06-10 15:43:00,区域
桂KB5356,富民,2021-06-10 15:41:00,区域
桂N91552,富民,2021-06-10 15:39:00,区域
豫NL8702,天鹅湖,2021-06-10 15:38:00,区域
桂KF3231,袁木桂,2021-06-10 15:35:00,区域
桂N99381,富民,2021-06-10 15:34:00,区域
冀A562TD,富民,2021-06-10 15:33:00,区域
桂N99381,天鹅湖,2021-06-10 15:32:00,区域
鲁FW2298,富民,2021-06-10 15:31:00,区域
桂C51837,富民,2021-06-10 15:31:00,区域
冀A562TD,天鹅湖,2021-06-10 15:31:00,区域
鲁Q882DM,富民,2021-06-10 15:30:00,区域
桂P23379,富民,2021-06-10 15:30:00,区域
鲁FBZ999,富民商贸615,2021-06-10 15:30:00,区域
鲁FBT263,富民,2021-06-10 15:29:00,区域
川ACJ183,富民,2021-06-10 15:23:00,区域
赣CC4986,天鹅湖,2021-06-10 15:23:00,区域
豫GH7931,富民,2021-06-10 15:20:00,区域
川ACJ183,天鹅湖,2021-06-10 15:20:00,区域
豫GH7931,天鹅湖,2021-06-10 15:17:00,区域
桂P53362,富民,2021-06-10 15:16:00,区域
桂NB5078,天鹅湖,2021-06-10 15:16:00,区域
桂KY0302,富民商贸615,2021-06-10 15:13:00,区域
鲁FA7578,天鹅湖,2021-06-10 15:12:00,区域
桂P28269,天鹅湖,2021-06-10 15:12:00,区域
桂K97223,天鹅湖,2021-06-10 15:07:00,区域
桂P25606,富民,2021-06-10 15:04:00,区域
皖M5F359,富民,2021-06-10 15:03:00,区域
桂NB3058,天鹅湖,2021-06-10 15:00:00,区域
皖KR6631,天鹅湖,2021-06-10 14:56:00,区域
桂P02573,富民商贸615,2021-06-10 14:55:00,区域
桂N71508,富民商贸615,2021-06-10 14:55:00,区域
桂P02573,富民,2021-06-10 14:54:00,区域
粤GJ3197,富民,2021-06-10 14:49:00,区域
桂P28298,富民,2021-06-10 14:47:00,区域
桂P28298,天鹅湖,2021-06-10 14:45:00,区域
鲁RL7622,天鹅湖,2021-06-10 14:43:00,区域
桂AE2001,天鹅湖,2021-06-10 14:43:00,区域
桂NB9950,富民,2021-06-10 14:37:00,区域
桂K99313,富民,2021-06-10 14:36:00,区域
桂AV3599,天鹅湖,2021-06-10 14:34:00,区域
鲁Q872EK,袁木桂,2021-06-10 14:31:00,区域
桂N56897,天鹅湖,2021-06-10 14:30:00,区域
桂K96992,富民,2021-06-10 14:27:00,区域
桂N53100,天鹅湖,2021-06-10 14:27:00,区域
鲁PQ6013,富民,2021-06-10 14:23:00,区域
鲁PQ6013,富民商贸615,2021-06-10 14:23:00,区域
桂AF0392,天鹅湖,2021-06-10 14:21:00,区域
赣DE2290,天鹅湖,2021-06-10 14:20:00,区域
桂AZ5887,富民,2021-06-10 14:19:00,区域
辽HH7891,天鹅湖,2021-06-10 14:19:00,区域
鲁PQ6013,天鹅湖,2021-06-10 14:18:00,区域
桂K78818,天鹅湖,2021-06-10 14:17:00,区域
桂AZ5887,天鹅湖,2021-06-10 14:17:00,区域
桂KK0525,天鹅湖,2021-06-10 14:16:00,区域
桂AZ2092,天鹅湖,2021-06-10 14:13:00,区域
粤BEQ634,天鹅湖,2021-06-10 14:13:00,区域
豫EA6001,富民,2021-06-10 14:10:00,区域
豫EA6001,天鹅湖,2021-06-10 14:08:00,区域
桂NB1092,天鹅湖,2021-06-10 13:59:00,区域
鲁Q789BM,富民,2021-06-10 13:49:00,区域
鲁FBT263,天鹅湖,2021-06-10 13:49:00,区域
鲁FA7578,富民,2021-06-10 13:47:00,区域
鲁Q789BM,天鹅湖,2021-06-10 13:47:00,区域
粤AFY607,富民,2021-06-10 13:46:00,区域
桂P87890,天鹅湖,2021-06-10 13:46:00,区域
粤BZ7849,天鹅湖,2021-06-10 13:46:00,区域
粤AFY607,天鹅湖,2021-06-10 13:44:00,区域
桂NB8866,天鹅湖,2021-06-10 13:43:00,区域
桂P87208,富民,2021-06-10 13:37:00,区域
桂K17653,天鹅湖,2021-06-10 13:35:00,区域
桂P87208,天鹅湖,2021-06-10 13:35:00,区域
桂N88007,天鹅湖,2021-06-10 13:34:00,区域
苏CLN638,富民,2021-06-10 13:32:00,区域
桂N88007,富民,2021-06-10 13:32:00,区域
桂N85567,富民,2021-06-10 13:31:00,区域
皖LB2448,富民商贸615,2021-06-10 13:29:00,区域
皖LB2448,富民,2021-06-10 13:28:00,区域
桂P26726,富民,2021-06-10 13:27:00,区域
桂K96992,天鹅湖,2021-06-10 13:26:00,区域
湘HA4505,富民,2021-06-10 13:22:00,区域
桂P06222,天鹅湖,2021-06-10 13:22:00,区域
鲁UX0388,天鹅湖,2021-06-10 13:21:00,区域
桂P20933,天鹅湖,2021-06-10 13:20:00,区域
湘HA4505,天鹅湖,2021-06-10 13:18:00,区域
鲁FBF802,袁木桂,2021-06-10 13:14:00,区域
豫B10589,富民,2021-06-10 13:14:00,区域
桂KA7916,天鹅湖,2021-06-10 13:14:00,区域
桂P25257,富民,2021-06-10 13:13:00,区域
桂KR8997,富民,2021-06-10 13:11:00,区域
桂ND3582,富民,2021-06-10 13:11:00,区域
鲁FBF802,天鹅湖,2021-06-10 13:11:00,区域
桂ND3582,天鹅湖,2021-06-10 13:08:00,区域
桂P80178,天鹅湖,2021-06-10 13:07:00,区域
鲁FAZ522,富民,2021-06-10 13:06:00,区域
桂P12056,天鹅湖,2021-06-10 13:06:00,区域
鲁Q872EK,天鹅湖,2021-06-10 13:05:00,区域
桂NB6303,富民,2021-06-10 13:02:00,区域
苏CLN638,天鹅湖,2021-06-10 13:00:00,区域
桂K15711,富民,2021-06-10 12:55:00,区域
桂KR8997,天鹅湖,2021-06-10 12:55:00,区域
桂P85509,天鹅湖,2021-06-10 12:55:00,区域
浙J93957,富民商贸615,2021-06-10 12:54:00,区域
桂AD9691,天鹅湖,2021-06-10 12:54:00,区域
晋E25286,富民,2021-06-10 12:53:00,区域
浙J93957,富民,2021-06-10 12:52:00,区域
桂P85509,富民,2021-06-10 12:52:00,区域
桂P25855,天鹅湖,2021-06-10 12:52:00,区域
豫HQ9939,天鹅湖,2021-06-10 12:50:00,区域
浙J93957,天鹅湖,2021-06-10 12:50:00,区域
晋E25286,天鹅湖,2021-06-10 12:50:00,区域
桂KA7916,富民,2021-06-10 12:49:00,区域
桂NB6303,区域四,2021-06-10 12:48:00,区域
粤BLS765,富民,2021-06-10 12:43:00,区域
粤BLS765,区域四,2021-06-10 12:40:00,区域
桂N91391,富民,2021-06-10 12:39:00,区域
浙J27500,富民商贸615,2021-06-10 12:38:00,区域
皖CB5448,区域四,2021-06-10 12:37:00,区域
桂KH9337,区域四,2021-06-10 12:35:00,区域
桂AF7593,富民,2021-06-10 12:34:00,区域
浙J27500,富民,2021-06-10 12:31:00,区域
桂P16355,区域四,2021-06-10 12:29:00,区域
浙B2R911,富民商贸615,2021-06-10 12:26:00,区域
鲁PV9971,富民商贸615,2021-06-10 12:21:00,区域
桂K30698,区域四,2021-06-10 12:21:00,区域
皖KR5193,富民商贸615,2021-06-10 12:17:00,区域
桂P52156,区域四,2021-06-10 12:14:00,区域
桂NB6579,富民,2021-06-10 12:10:00,区域
鲁PZ5632,富民商贸615,2021-06-10 12:09:00,区域
桂P57618,区域四,2021-06-10 12:09:00,区域
鲁Q056BE,富民商贸615,2021-06-10 12:07:00,区域
鲁PZ5632,富民,2021-06-10 12:06:00,区域
吉A5F164,富民商贸615,2021-06-10 12:06:00,区域
鲁FAZ522,区域四,2021-06-10 12:06:00,区域
鲁Q056BE,袁木桂,2021-06-10 12:05:00,区域
吉A5F164,富民,2021-06-10 12:05:00,区域
桂NB3569,富民,2021-06-10 12:03:00,区域
豫LM2399,富民商贸615,2021-06-10 12:03:00,区域
鲁Q056BE,区域四,2021-06-10 12:03:00,区域
豫LM2399,富民,2021-06-10 12:01:00,区域
鲁FBV106,富民,2021-06-10 12:01:00,区域
桂NB3569,区域四,2021-06-10 12:01:00,区域
鲁FBV106,区域四,2021-06-10 11:59:00,区域
豫LM2399,区域四,2021-06-10 11:58:00,区域
桂NB8866,富民,2021-06-10 11:54:00,区域
浙J19867,区域四,2021-06-10 11:51:00,区域
豫NV5017,富民,2021-06-10 11:50:00,区域
桂KD8539,富民,2021-06-10 11:39:00,区域
桂KD8539,区域四,2021-06-10 11:36:00,区域
浙B2V067,富民,2021-06-10 11:34:00,区域
浙B2V067,富民商贸615,2021-06-10 11:34:00,区域
桂P27189,富民,2021-06-10 11:26:00,区域
桂KR0251,区域四,2021-06-10 11:24:00,区域
桂P27189,区域四,2021-06-10 11:23:00,区域
鲁D97873,富民,2021-06-10 11:20:00,区域
粤G49989,区域四,2021-06-10 11:20:00,区域
沪FA1059,富民,2021-06-10 11:17:00,区域
鲁D97873,区域四,2021-06-10 11:17:00,区域
沪FA1059,区域四,2021-06-10 11:14:00,区域
冀EP8706,区域四,2021-06-10 11:09:00,区域
鲁VS6771,富民,2021-06-10 11:08:00,区域
鲁VS6771,区域四,2021-06-10 11:06:00,区域
沪FE9058,富民,2021-06-10 11:00:00,区域
桂P22337,区域四,2021-06-10 11:00:00,区域
辽GL0262,富民,2021-06-10 10:58:00,区域
浙B0Z087,富民,2021-06-10 10:56:00,区域
辽GL0262,天鹅湖,2021-06-10 10:56:00,区域
浙B0Z087,天鹅湖,2021-06-10 10:53:00,区域
桂P23323,天鹅湖,2021-06-10 10:53:00,区域
桂P03230,富民,2021-06-10 10:46:00,区域
桂K22710,富民,2021-06-10 10:43:00,区域
桂K22710,天鹅湖,2021-06-10 10:40:00,区域
皖KS5098,富民商贸615,2021-06-10 10:39:00,区域
豫N38A8D,袁木桂,2021-06-10 10:38:00,区域
桂AB5869,富民,2021-06-10 10:38:00,区域
桂AF0812,富民,2021-06-10 10:37:00,区域
冀A892AY,富民,2021-06-10 10:37:00,区域
桂F95017,富民商贸615,2021-06-10 10:37:00,区域
桂KK1778,富民,2021-06-10 10:36:00,区域
浙B1B602,富民,2021-06-10 10:36:00,区域
赣DC3038,天鹅湖,2021-06-10 10:36:00,区域
桂C97882,区域四,2021-06-10 10:31:00,区域
冀A892AY,天鹅湖,2021-06-10 10:28:00,区域
桂AQ8602,天鹅湖,2021-06-10 10:28:00,区域
桂P21829,天鹅湖,2021-06-10 10:27:00,区域
桂P10896,区域四,2021-06-10 10:25:00,区域
桂P10896,富民,2021-06-10 10:24:00,区域
桂P10896,天鹅湖,2021-06-10 10:22:00,区域
鲁PR8802,富民,2021-06-10 10:15:00,区域
豫N38A8D,天鹅湖,2021-06-10 10:13:00,区域
桂N93721,富民,2021-06-10 10:12:00,区域
桂P23298,富民,2021-06-10 10:11:00,区域
桂AQ0233,富民,2021-06-10 10:09:00,区域
皖LC2058,天鹅湖,2021-06-10 10:09:00,区域
桂P23298,天鹅湖,2021-06-10 10:08:00,区域
桂N93721,天鹅湖,2021-06-10 10:08:00,区域
鲁Q276JG,富民,2021-06-10 10:07:00,区域
苏F69651,区域四,2021-06-10 09:55:00,区域
桂P00297,天鹅湖,2021-06-10 09:55:00,区域
桂KB8960,富民,2021-06-10 09:53:00,区域
冀GM3551,富民,2021-06-10 09:49:00,区域
冀GM3551,天鹅湖,2021-06-10 09:47:00,区域
桂P82086,富民,2021-06-10 09:43:00,区域
桂N63133,天鹅湖,2021-06-10 09:36:00,区域
桂NB9950,天鹅湖,2021-06-10 09:29:00,区域
苏NCY957,富民,2021-06-10 09:28:00,区域
桂KQ7773,天鹅湖,2021-06-10 09:28:00,区域
桂AQ6625,富民,2021-06-10 09:24:00,区域
苏NCY957,天鹅湖,2021-06-10 09:16:00,区域
苏E6J762,富民,2021-06-10 09:15:00,区域
桂N99881,天鹅湖,2021-06-10 09:15:00,区域
桂KL6130,天鹅湖,2021-06-10 09:10:00,区域
黑AT5121,区域四,2021-06-10 09:09:00,区域
鲁FCB168,区域四,2021-06-10 09:06:00,区域
浙B1W870,区域四,2021-06-10 09:04:00,区域
桂KY5891,天鹅湖,2021-06-10 09:03:00,区域
鲁FCB168,袁木桂,2021-06-10 09:02:00,区域
苏E6J762,天鹅湖,2021-06-10 09:00:00,区域
鲁Q5288H,富民,2021-06-10 08:54:00,区域
皖LC2713,区域四,2021-06-10 08:53:00,区域
桂P82086,天鹅湖,2021-06-10 08:53:00,区域
皖LC2713,富民,2021-06-10 08:52:00,区域
桂P13132,富民,2021-06-10 08:52:00,区域
桂P13132,区域四,2021-06-10 08:52:00,区域
赣C0935N,天鹅湖,2021-06-10 08:52:00,区域
鲁Q276JG,天鹅湖,2021-06-10 08:52:00,区域
鲁Q5288H,天鹅湖,2021-06-10 08:52:00,区域
皖LC2713,天鹅湖,2021-06-10 08:49:00,区域
桂P13132,天鹅湖,2021-06-10 08:49:00,区域
桂P87888,天鹅湖,2021-06-10 08:48:00,区域
赣C0935N,富民,2021-06-10 08:46:00,区域
桂E09888,富民,2021-06-10 08:42:00,区域
桂K99313,天鹅湖,2021-06-10 08:42:00,区域
桂N53516,富民,2021-06-10 08:37:00,区域
苏F69651,富民,2021-06-10 08:37:00,区域
苏F69651,天鹅湖,2021-06-10 08:34:00,区域
黑MR4455,区域四,2021-06-10 08:28:00,区域
黑MR4455,富民,2021-06-10 08:25:00,区域
桂KV6161,富民,2021-06-10 08:25:00,区域
桂N53516,天鹅湖,2021-06-10 08:24:00,区域
黑MR4455,天鹅湖,2021-06-10 08:23:00,区域
皖M5F359,天鹅湖,2021-06-10 08:23:00,区域
桂KV6161,天鹅湖,2021-06-10 08:23:00,区域
桂AW7125,富民,2021-06-10 08:19:00,区域
鲁UX9198,富民,2021-06-10 08:18:00,区域
鲁UX9198,天鹅湖,2021-06-10 08:16:00,区域
桂F95017,富民,2021-06-10 08:10:00,区域
桂F95017,天鹅湖,2021-06-10 08:08:00,区域
桂P57159,天鹅湖,2021-06-10 08:06:00,区域
桂P22022,天鹅湖,2021-06-10 08:03:00,区域
黑AT5121,富民,2021-06-10 07:57:00,区域
桂P27818,富民,2021-06-10 07:55:00,区域
桂P81386,天鹅湖,2021-06-10 07:55:00,区域
鲁PR8802,天鹅湖,2021-06-10 07:52:00,区域
桂K87535,富民,2021-06-10 07:48:00,区域
桂K87535,天鹅湖,2021-06-10 07:46:00,区域
桂F99019,天鹅湖,2021-06-10 07:45:00,区域
豫PZ1572,富民,2021-06-10 07:42:00,区域
豫PZ1572,天鹅湖,2021-06-10 07:40:00,区域
桂KH0992,富民,2021-06-10 07:39:00,区域
桂KH0992,天鹅湖,2021-06-10 07:37:00,区域
黑LB5666,富民,2021-06-10 07:34:00,区域
黑LB5666,天鹅湖,2021-06-10 07:30:00,区域
桂N86582,富民,2021-06-10 07:15:00,区域
桂N86582,天鹅湖,2021-06-10 07:12:00,区域
桂K65561,富民,2021-06-10 07:06:00,区域
桂P25229,天鹅湖,2021-06-10 07:06:00,区域
桂P03521,富民,2021-06-10 06:56:00,区域
桂K28052,天鹅湖,2021-06-10 06:55:00,区域
桂P03521,天鹅湖,2021-06-10 06:53:00,区域
桂AY8695,天鹅湖,2021-06-10 06:51:00,区域
桂K65561,天鹅湖,2021-06-10 06:28:00,区域
皖S96358,富民,2021-06-10 06:23:00,区域
桂P25368,富民,2021-06-10 06:20:00,区域
皖S96358,天鹅湖,2021-06-10 06:17:00,区域
桂KR6975,天鹅湖,2021-06-10 06:04:00,区域
桂P09292,天鹅湖,2021-06-10 05:52:00,区域
桂FC9097,富民,2021-06-10 05:41:00,区域
桂F08132,富民,2021-06-10 05:41:00,区域
桂FC9097,天鹅湖,2021-06-10 05:39:00,区域
桂F08132,天鹅湖,2021-06-10 05:38:00,区域
桂P20376,富民,2021-06-10 05:07:00,区域
桂KV3818,区域四,2021-06-10 04:51:00,区域
桂NB3689,富民,2021-06-10 04:14:00,区域
桂AP5990,区域四,2021-06-10 01:40:00,区域
桂KG5323,富民,2021-06-10 00:46:00,区域
桂KG5323,区域四,2021-06-10 00:44:00,区域
桂P19836,区域四,2021-06-09 23:42:00,区域
桂C62652,区域四,2021-06-09 23:24:00,区域
粤BHK879,区域四,2021-06-09 23:10:00,区域
鲁UJ1552,区域四,2021-06-09 22:28:00,区域
吉AU5849,区域四,2021-06-09 22:13:00,区域
桂E19393,区域四,2021-06-09 22:06:00,区域
豫PS6026,富民,2021-06-09 22:05:00,区域
鲁PV8921,富民,2021-06-09 21:55:00,区域
鲁PV8921,区域四,2021-06-09 21:53:00,区域
桂BL7961,区域四,2021-06-09 21:51:00,区域
桂P51189,区域四,2021-06-09 21:34:00,区域
苏F58951,富民,2021-06-09 21:26:00,区域
桂NB2595,区域四,2021-06-09 21:25:00,区域
黑AT5121,区域四,2021-06-09 21:24:00,区域
苏F58951,区域四,2021-06-09 21:23:00,区域
桂RC7550,区域四,2021-06-09 21:19:00,区域
桂P16959,区域四,2021-06-09 21:16:00,区域
鲁LE5367,区域四,2021-06-09 21:14:00,区域
辽J61927,富民,2021-06-09 21:08:00,区域
辽J61927,区域四,2021-06-09 21:06:00,区域
豫PS6026,区域四,2021-06-09 21:05:00,区域
赣C1136N,富民,2021-06-09 20:59:00,区域
桂KK0736,区域四,2021-06-09 20:59:00,区域
赣C1136N,区域四,2021-06-09 20:56:00,区域
鲁LE5367,区域四,2021-06-09 20:52:00,区域
鲁LE5367,富民,2021-06-09 20:51:00,区域
桂BY1787,区域四,2021-06-09 20:44:00,区域
桂P20819,富民,2021-06-09 20:36:00,区域
桂P20819,区域四,2021-06-09 20:32:00,区域
桂KW2037,袁木桂,2021-06-09 20:25:00,区域
鲁PW7031,富民,2021-06-09 20:24:00,区域
桂P08385,天鹅湖,2021-06-09 20:20:00,区域
冀DX4757,富民,2021-06-09 20:19:00,区域
冀DX4757,天鹅湖,2021-06-09 20:17:00,区域
川K87977,区域四,2021-06-09 20:14:00,区域
鲁Q397JD,富民,2021-06-09 20:12:00,区域
鲁Q045AW,天鹅湖,2021-06-09 20:11:00,区域
桂K25007,天鹅湖,2021-06-09 20:07:00,区域
鲁DD6586,天鹅湖,2021-06-09 20:07:00,区域
桂P28078,富民,2021-06-09 20:04:00,区域
鲁QD6522,富民,2021-06-09 20:04:00,区域
鲁Q397JD,天鹅湖,2021-06-09 20:02:00,区域
桂P26786,天鹅湖,2021-06-09 20:02:00,区域
吉A5F164,天鹅湖,2021-06-09 19:59:00,区域
浙B2R911,富民,2021-06-09 19:55:00,区域
浙B2R911,天鹅湖,2021-06-09 19:54:00,区域
沪DT0180,天鹅湖,2021-06-09 19:44:00,区域
湘JB1367,天鹅湖,2021-06-09 19:38:00,区域
桂P25236,天鹅湖,2021-06-09 19:29:00,区域
桂AX3252,富民,2021-06-09 19:26:00,区域
沪FE9058,天鹅湖,2021-06-09 19:26:00,区域
鲁YC5298,天鹅湖,2021-06-09 19:26:00,区域
桂NB8658,天鹅湖,2021-06-09 19:25:00,区域
桂K15682,天鹅湖,2021-06-09 19:25:00,区域
桂AF8672,天鹅湖,2021-06-09 19:21:00,区域
桂C60891,天鹅湖,2021-06-09 19:19:00,区域
沪FH6128,富民,2021-06-09 19:16:00,区域
桂KH3722,天鹅湖,2021-06-09 19:15:00,区域
桂KV9883,天鹅湖,2021-06-09 19:13:00,区域
桂C60891,区域四,2021-06-09 19:08:00,区域
豫BXJ816,天鹅湖,2021-06-09 19:07:00,区域
桂P18918,富民,2021-06-09 18:49:00,区域
冀A1093Y,区域四,2021-06-09 18:46:00,区域
桂C39699,富民,2021-06-09 18:37:00,区域
桂C39699,天鹅湖,2021-06-09 18:34:00,区域
桂P82556,富民,2021-06-09 18:31:00,区域
桂KK1582,天鹅湖,2021-06-09 18:29:00,区域
桂KK1582,富民,2021-06-09 18:26:00,区域
浙B1W870,富民,2021-06-09 18:21:00,区域
浙B1W870,天鹅湖,2021-06-09 18:19:00,区域
桂P03810,富民,2021-06-09 18:18:00,区域
桂K99589,天鹅湖,2021-06-09 18:18:00,区域
黑JA4916,区域四,2021-06-09 18:16:00,区域
鲁Q369KS,富民,2021-06-09 18:11:00,区域
皖KR5193,富民,2021-06-09 18:11:00,区域
桂E53832,天鹅湖,2021-06-09 18:11:00,区域
皖KR5193,天鹅湖,2021-06-09 18:09:00,区域
赣DJ0631,天鹅湖,2021-06-09 18:02:00,区域
辽ACF311,天鹅湖,2021-06-09 17:59:00,区域
赣DJ0631,富民,2021-06-09 17:58:00,区域
豫JB6362,富民,2021-06-09 17:54:00,区域
豫HK3368,天鹅湖,2021-06-09 17:49:00,区域
桂KB6901,天鹅湖,2021-06-09 17:43:00,区域
桂NB8503,天鹅湖,2021-06-09 17:41:00,区域
桂E58105,区域四,2021-06-09 17:40:00,区域
桂NB8503,富民,2021-06-09 17:39:00,区域
桂P82875,天鹅湖,2021-06-09 17:37:00,区域
鲁Q0066R,区域四,2021-06-09 17:27:00,区域
鲁Q0066R,富民,2021-06-09 17:26:00,区域
湘HB2291,袁木桂,2021-06-09 17:24:00,区域
桂AN5266,袁木桂,2021-06-09 17:22:00,区域
湘HB2291,天鹅湖,2021-06-09 17:22:00,区域
苏C1J128,袁木桂,2021-06-09 17:19:00,区域
吉BE0913,袁木桂,2021-06-09 17:19:00,区域
苏AN6206,袁木桂,2021-06-09 17:17:00,区域
苏C1J128,天鹅湖,2021-06-09 17:16:00,区域
桂E55600,袁木桂,2021-06-09 17:15:00,区域
桂E55600,天鹅湖,2021-06-09 17:13:00,区域
桂K38925,天鹅湖,2021-06-09 17:13:00,区域
桂P03810,天鹅湖,2021-06-09 17:13:00,区域
苏CKT700,天鹅湖,2021-06-09 17:06:00,区域
桂P18832,区域四,2021-06-09 16:59:00,区域
鲁PH5316,区域四,2021-06-09 16:59:00,区域
鲁PH5316,袁木桂,2021-06-09 16:46:00,区域
浙B1V702,天鹅湖,2021-06-09 16:45:00,区域
鲁PH5316,天鹅湖,2021-06-09 16:44:00,区域
桂P09192,天鹅湖,2021-06-09 16:43:00,区域
桂P23768,袁木桂,2021-06-09 16:40:00,区域
桂E16919,天鹅湖,2021-06-09 16:40:00,区域
桂KF3192,天鹅湖,2021-06-09 16:39:00,区域
桂P23768,天鹅湖,2021-06-09 16:38:00,区域
粤GE0137,区域四,2021-06-09 16:36:00,区域
鲁NE3858,区域四,2021-06-09 16:35:00,区域
桂A95992,天鹅湖,2021-06-09 16:35:00,区域
桂KY9016,区域四,2021-06-09 16:35:00,区域
粤GE0137,袁木桂,2021-06-09 16:34:00,区域
鲁NE3858,袁木桂,2021-06-09 16:34:00,区域
鲁YC7027,区域四,2021-06-09 16:24:00,区域
鲁FAR977,区域四,2021-06-09 16:22:00,区域
渝DT8800,区域四,2021-06-09 16:22:00,区域
鲁FAR977,袁木桂,2021-06-09 16:21:00,区域
鲁FAR977,区域四,2021-06-09 16:19:00,区域
桂AY7999,区域四,2021-06-09 16:19:00,区域
浙B0Q177,区域四,2021-06-09 16:17:00,区域
浙B0Q177,袁木桂,2021-06-09 16:15:00,区域
辽J35726,袁木桂,2021-06-09 16:13:00,区域
桂AC0879,袁木桂,2021-06-09 16:13:00,区域
桂KF3273,袁木桂,2021-06-09 16:06:00,区域
鲁V35805,袁木桂,2021-06-09 16:06:00,区域
桂KF3273,区域四,2021-06-09 16:04:00,区域
沪DT0180,富民商贸615,2021-06-09 16:03:00,区域
桂BW1356,区域四,2021-06-09 16:03:00,区域
桂P82556,区域四,2021-06-09 16:03:00,区域
桂K33913,区域四,2021-06-09 16:01:00,区域
桂N38978,袁木桂,2021-06-09 16:00:00,区域
桂P86982,袁木桂,2021-06-09 16:00:00,区域
桂P59328,袁木桂,2021-06-09 16:00:00,区域
桂P21729,区域四,2021-06-09 16:00:00,区域
鲁Q672JG,袁木桂,2021-06-09 15:58:00,区域
桂P21729,袁木桂,2021-06-09 15:58:00,区域
桂P86982,区域四,2021-06-09 15:57:00,区域
鲁Q672JG,区域四,2021-06-09 15:56:00,区域
桂P29229,区域四,2021-06-09 15:53:00,区域
赣C2P998,区域四,2021-06-09 15:49:00,区域
冀EM8931,袁木桂,2021-06-09 15:44:00,区域
冀EM8931,富民商贸615,2021-06-09 15:44:00,区域
桂KB3930,区域四,2021-06-09 15:42:00,区域
豫NJ2320,富民商贸615,2021-06-09 15:41:00,区域
桂KB3930,袁木桂,2021-06-09 15:40:00,区域
冀EM8931,区域四,2021-06-09 15:40:00,区域
桂P86689,区域四,2021-06-09 15:39:00,区域
冀ET8324,富民商贸615,2021-06-09 15:38:00,区域
豫NJ2320,袁木桂,2021-06-09 15:37:00,区域
桂P05598,袁木桂,2021-06-09 15:37:00,区域
浙B0Q177,区域四,2021-06-09 15:36:00,区域
鲁Q045AW,富民商贸615,2021-06-09 15:35:00,区域
豫NJ2320,区域四,2021-06-09 15:35:00,区域
桂P87269,袁木桂,2021-06-09 15:34:00,区域
鲁Q045AW,袁木桂,2021-06-09 15:34:00,区域
桂KB9445,袁木桂,2021-06-09 15:33:00,区域
桂P59328,区域四,2021-06-09 15:30:00,区域
桂E53832,袁木桂,2021-06-09 15:28:00,区域
桂E53832,富民商贸615,2021-06-09 15:28:00,区域
皖KS5098,袁木桂,2021-06-09 15:22:00,区域
桂AY5099,区域四,2021-06-09 15:22:00,区域
湘JB1367,袁木桂,2021-06-09 15:21:00,区域
皖KS5098,区域四,2021-06-09 15:20:00,区域
沪DK1497,袁木桂,2021-06-09 15:19:00,区域
鲁PU7171,袁木桂,2021-06-09 15:19:00,区域
鲁FCA832,袁木桂,2021-06-09 15:17:00,区域
鲁PL4456,富民商贸615,2021-06-09 15:17:00,区域
皖KQ9316,富民,2021-06-09 15:16:00,区域
鲁PL4029,富民商贸615,2021-06-09 15:16:00,区域
鲁FCA832,区域四,2021-06-09 15:15:00,区域
桂KU7651,天鹅湖,2021-06-09 15:12:00,区域
桂E07903,富民,2021-06-09 15:08:00,区域
皖KQ9316,天鹅湖,2021-06-09 15:04:00,区域
沪DK1497,天鹅湖,2021-06-09 15:02:00,区域
赣M79028,富民,2021-06-09 15:01:00,区域
桂CJ8170,富民商贸615,2021-06-09 15:01:00,区域
鄂FJV917,富民,2021-06-09 14:59:00,区域
桂KH0693,天鹅湖,2021-06-09 14:59:00,区域
赣M79028,天鹅湖,2021-06-09 14:59:00,区域
辽GH8692,天鹅湖,2021-06-09 14:59:00,区域
桂AZ2092,富民,2021-06-09 14:58:00,区域
鄂FJV917,天鹅湖,2021-06-09 14:57:00,区域
桂N53993,富民,2021-06-09 14:54:00,区域
桂AM1298,富民,2021-06-09 14:53:00,区域
闽AS2127,天鹅湖,2021-06-09 14:49:00,区域
闽DC6375,天鹅湖,2021-06-09 14:48:00,区域
桂N97357,天鹅湖,2021-06-09 14:48:00,区域
皖KS5068,富民商贸615,2021-06-09 14:44:00,区域
辽BYJ938,天鹅湖,2021-06-09 14:43:00,区域
浙B87H29,富民商贸615,2021-06-09 14:42:00,区域
皖M14184,富民,2021-06-09 14:41:00,区域
桂E03328,富民商贸615,2021-06-09 14:41:00,区域
桂KG6468,天鹅湖,2021-06-09 14:39:00,区域
鲁NE3858,天鹅湖,2021-06-09 14:39:00,区域
鲁Q183AY,富民,2021-06-09 14:38:00,区域
浙B87H29,富民,2021-06-09 14:37:00,区域
黑AAV278,富民,2021-06-09 14:37:00,区域
黑JA0871,富民商贸615,2021-06-09 14:36:00,区域
桂KR2908,天鹅湖,2021-06-09 14:36:00,区域
桂KY1733,天鹅湖,2021-06-09 14:36:00,区域
鲁Q183AY,天鹅湖,2021-06-09 14:36:00,区域
浙B87H29,天鹅湖,2021-06-09 14:35:00,区域
陕DC0661,富民,2021-06-09 14:33:00,区域
陕DC0661,富民商贸615,2021-06-09 14:33:00,区域
桂P86096,天鹅湖,2021-06-09 14:32:00,区域
桂K16092,天鹅湖,2021-06-09 14:31:00,区域
桂P86096,富民,2021-06-09 14:30:00,区域
鲁PR9152,富民商贸615,2021-06-09 14:30:00,区域
陕DC0661,天鹅湖,2021-06-09 14:30:00,区域
鲁Q0066R,天鹅湖,2021-06-09 14:30:00,区域
鲁PR9152,富民,2021-06-09 14:29:00,区域
吉AS7749,富民,2021-06-09 14:29:00,区域
豫JB6362,天鹅湖,2021-06-09 14:28:00,区域
桂P87685,天鹅湖,2021-06-09 14:25:00,区域
桂P87858,富民,2021-06-09 14:24:00,区域
桂P21018,富民,2021-06-09 14:24:00,区域
桂N63998,天鹅湖,2021-06-09 14:24:00,区域
桂P87858,天鹅湖,2021-06-09 14:21:00,区域
豫LM1660,富民,2021-06-09 14:19:00,区域
桂K76778,天鹅湖,2021-06-09 14:19:00,区域
辽HF2062,天鹅湖,2021-06-09 14:18:00,区域
豫LM1660,天鹅湖,2021-06-09 14:16:00,区域
桂K36592,天鹅湖,2021-06-09 14:16:00,区域
桂KK1778,天鹅湖,2021-06-09 14:13:00,区域
桂P06777,富民,2021-06-09 14:11:00,区域
桂P05598,天鹅湖,2021-06-09 14:08:00,区域
桂N91330,天鹅湖,2021-06-09 14:05:00,区域
桂P26189,天鹅湖,2021-06-09 14:04:00,区域
桂N82789,天鹅湖,2021-06-09 14:01:00,区域
桂KK3608,天鹅湖,2021-06-09 13:59:00,区域
桂KJ0901,富民商贸615,2021-06-09 13:58:00,区域
桂P21072,富民,2021-06-09 13:54:00,区域
桂P21072,天鹅湖,2021-06-09 13:52:00,区域
桂NB2955,天鹅湖,2021-06-09 13:51:00,区域
桂P82892,富民,2021-06-09 13:43:00,区域
豫HL9582,富民,2021-06-09 13:43:00,区域
闽AC2686,富民,2021-06-09 13:42:00,区域
闽AC2686,富民商贸615,2021-06-09 13:42:00,区域
桂P82892,天鹅湖,2021-06-09 13:41:00,区域
桂K23193,富民,2021-06-09 13:40:00,区域
豫ND6079,富民商贸615,2021-06-09 13:34:00,区域
桂P17978,天鹅湖,2021-06-09 13:33:00,区域
桂K39373,天鹅湖,2021-06-09 13:33:00,区域
桂N88228,天鹅湖,2021-06-09 13:33:00,区域
豫ND6079,富民,2021-06-09 13:32:00,区域
豫ND6079,天鹅湖,2021-06-09 13:30:00,区域
豫K16988,富民,2021-06-09 13:23:00,区域
豫K16988,富民商贸615,2021-06-09 13:23:00,区域
桂D27865,富民,2021-06-09 13:17:00,区域
桂KV5913,天鹅湖,2021-06-09 13:10:00,区域
桂K38931,天鹅湖,2021-06-09 13:08:00,区域
豫B10589,天鹅湖,2021-06-09 13:08:00,区域
赣C2P998,富民,2021-06-09 13:07:00,区域
桂P21528,天鹅湖,2021-06-09 13:03:00,区域
鲁Q369KS,区域四,2021-06-09 12:59:00,区域
桂AM1298,区域四,2021-06-09 12:57:00,区域
桂P86923,区域四,2021-06-09 12:56:00,区域
桂N93129,区域四,2021-06-09 12:55:00,区域
桂K17792,富民,2021-06-09 12:52:00,区域
桂K17792,区域四,2021-06-09 12:50:00,区域
桂P06777,区域四,2021-06-09 12:49:00,区域
桂P18388,区域四,2021-06-09 12:47:00,区域
桂P09090,富民,2021-06-09 12:46:00,区域
桂A96625,富民,2021-06-09 12:43:00,区域
赣CBN922,富民商贸615,2021-06-09 12:42:00,区域
桂P18918,区域四,2021-06-09 12:42:00,区域
苏CMX628,富民,2021-06-09 12:40:00,区域
桂P85016,区域四,2021-06-09 12:39:00,区域
豫K99062,区域四,2021-06-09 12:38:00,区域
桂NB2760,袁木桂,2021-06-09 12:37:00,区域
桂NC7982,区域四,2021-06-09 12:35:00,区域
桂NB2760,区域四,2021-06-09 12:33:00,区域
浙B88J06,富民商贸615,2021-06-09 12:32:00,区域
冀AAS848,富民商贸615,2021-06-09 12:32:00,区域
浙B88J06,袁木桂,2021-06-09 12:30:00,区域
鲁UU1269,区域四,2021-06-09 12:30:00,区域
浙B88J06,区域四,2021-06-09 12:28:00,区域
桂KG5078,区域四,2021-06-09 12:22:00,区域
鄂FFV760,富民商贸615,2021-06-09 12:21:00,区域
桂KH0210,区域四,2021-06-09 12:21:00,区域
桂ND0959,袁木桂,2021-06-09 12:19:00,区域
辽CF2460,富民商贸615,2021-06-09 12:19:00,区域
吉BE1118,袁木桂,2021-06-09 12:14:00,区域
桂FA5891,富民商贸615,2021-06-09 12:11:00,区域
吉BE1118,区域四,2021-06-09 12:11:00,区域
桂FA5891,袁木桂,2021-06-09 12:10:00,区域
桂ND0959,区域四,2021-06-09 12:10:00,区域
桂KL9256,袁木桂,2021-06-09 12:09:00,区域
桂FA5891,区域四,2021-06-09 12:08:00,区域
桂KL9256,区域四,2021-06-09 12:07:00,区域
桂P17978,袁木桂,2021-06-09 12:06:00,区域
辽GH8692,富民商贸615,2021-06-09 12:05:00,区域
蒙D57671,富民商贸615,2021-06-09 12:02:00,区域
桂N96833,区域四,2021-06-09 12:02:00,区域
冀GP2665,袁木桂,2021-06-09 12:01:00,区域
桂K52016,袁木桂,2021-06-09 12:00:00,区域
桂K52016,富民商贸615,2021-06-09 12:00:00,区域
桂KV2815,袁木桂,2021-06-09 11:59:00,区域
桂KV8150,袁木桂,2021-06-09 11:59:00,区域
桂P15559,区域四,2021-06-09 11:59:00,区域
冀GP2665,区域四,2021-06-09 11:57:00,区域
蒙L70202,袁木桂,2021-06-09 11:56:00,区域
桂KY2179,袁木桂,2021-06-09 11:54:00,区域
蒙L70202,天鹅湖,2021-06-09 11:53:00,区域
黑AAV278,天鹅湖,2021-06-09 11:53:00,区域
辽BYJ938,袁木桂,2021-06-09 11:52:00,区域
辽BYJ938,富民商贸615,2021-06-09 11:52:00,区域
桂P20528,天鹅湖,2021-06-09 11:52:00,区域
桂KY2179,天鹅湖,2021-06-09 11:52:00,区域
辽BN4871,富民商贸615,2021-06-09 11:51:00,区域
辽BN4871,袁木桂,2021-06-09 11:50:00,区域
辽BN4871,天鹅湖,2021-06-09 11:48:00,区域
桂NB3083,袁木桂,2021-06-09 11:46:00,区域
桂AX3252,天鹅湖,2021-06-09 11:45:00,区域
桂P87819,天鹅湖,2021-06-09 11:45:00,区域
桂D34293,袁木桂,2021-06-09 11:43:00,区域
桂KV2815,天鹅湖,2021-06-09 11:41:00,区域
桂D34293,天鹅湖,2021-06-09 11:40:00,区域
辽CF2460,袁木桂,2021-06-09 11:39:00,区域
鲁UQ1580,富民商贸615,2021-06-09 11:35:00,区域
辽CF2460,天鹅湖,2021-06-09 11:33:00,区域
桂KV2702,袁木桂,2021-06-09 11:32:00,区域
沪FH6128,天鹅湖,2021-06-09 11:32:00,区域
桂P59810,天鹅湖,2021-06-09 11:32:00,区域
鲁Q006FH,富民商贸615,2021-06-09 11:29:00,区域
桂AN3231,富民商贸615,2021-06-09 11:29:00,区域
桂P82739,天鹅湖,2021-06-09 11:29:00,区域
桂AN3231,袁木桂,2021-06-09 11:27:00,区域
桂N53993,天鹅湖,2021-06-09 11:25:00,区域
桂AN3231,天鹅湖,2021-06-09 11:25:00,区域
湘AJ8309,富民商贸615,2021-06-09 11:18:00,区域
桂KV2702,天鹅湖,2021-06-09 11:14:00,区域
桂P57891,富民商贸615,2021-06-09 11:12:00,区域
桂P57891,袁木桂,2021-06-09 11:11:00,区域
鄂D25666,富民商贸615,2021-06-09 11:11:00,区域
鄂D25666,袁木桂,2021-06-09 11:09:00,区域
桂P59362,袁木桂,2021-06-09 11:07:00,区域
粤GE0137,天鹅湖,2021-06-09 11:07:00,区域
桂AQ9817,袁木桂,2021-06-09 11:05:00,区域
桂P59362,天鹅湖,2021-06-09 11:05:00,区域
桂ND8930,袁木桂,2021-06-09 11:03:00,区域
桂K23193,天鹅湖,2021-06-09 11:01:00,区域
桂N60995,天鹅湖,2021-06-09 10:59:00,区域
桂KV8150,天鹅湖,2021-06-09 10:59:00,区域
鲁GZ1983,袁木桂,2021-06-09 10:57:00,区域
鲁GZ1983,天鹅湖,2021-06-09 10:54:00,区域
辽D53439,富民商贸615,2021-06-09 10:50:00,区域
辽D53439,袁木桂,2021-06-09 10:48:00,区域
鲁PM9736,富民商贸615,2021-06-09 10:45:00,区域
鲁UQ1580,袁木桂,2021-06-09 10:41:00,区域
鲁UQ1580,天鹅湖,2021-06-09 10:39:00,区域
桂AQ6982,富民商贸615,2021-06-09 10:38:00,区域
桂P11839,袁木桂,2021-06-09 10:35:00,区域
冀A222X5,袁木桂,2021-06-09 10:34:00,区域
赣CU2649,袁木桂,2021-06-09 10:32:00,区域
冀A222X5,天鹅湖,2021-06-09 10:30:00,区域
赣CU2649,天鹅湖,2021-06-09 10:29:00,区域
桂AF0890,天鹅湖,2021-06-09 10:26:00,区域
鲁Q636CV,袁木桂,2021-06-09 10:22:00,区域
鲁Q636CV,富民商贸615,2021-06-09 10:22:00,区域
豫A2685W,袁木桂,2021-06-09 10:21:00,区域
桂K25612,袁木桂,2021-06-09 10:19:00,区域
鲁H88Y52,区域四,2021-06-09 10:19:00,区域
鲁H88Y52,富民,2021-06-09 10:18:00,区域
豫A2685W,天鹅湖,2021-06-09 10:17:00,区域
鲁H88Y52,天鹅湖,2021-06-09 10:15:00,区域
桂C18363,富民,2021-06-09 10:13:00,区域
桂P16632,天鹅湖,2021-06-09 10:12:00,区域
桂AQ6982,富民,2021-06-09 10:11:00,区域
桂P86969,天鹅湖,2021-06-09 10:11:00,区域
桂C18363,天鹅湖,2021-06-09 10:10:00,区域
桂AQ6982,天鹅湖,2021-06-09 10:09:00,区域
桂AF7783,富民,2021-06-09 10:04:00,区域
桂N99550,富民,2021-06-09 10:02:00,区域
桂N99550,区域四,2021-06-09 10:02:00,区域
桂AF7783,天鹅湖,2021-06-09 10:02:00,区域
桂P11839,天鹅湖,2021-06-09 10:02:00,区域
桂N99550,天鹅湖,2021-06-09 10:00:00,区域
桂E07903,天鹅湖,2021-06-09 09:53:00,区域
桂P10128,富民,2021-06-09 09:36:00,区域
湘AJ8309,富民,2021-06-09 09:32:00,区域
桂AN6253,区域四,2021-06-09 09:31:00,区域
桂P21738,天鹅湖,2021-06-09 09:31:00,区域
湘AJ8309,天鹅湖,2021-06-09 09:30:00,区域
鲁PQ0836,区域四,2021-06-09 09:29:00,区域
辽B6000H,富民,2021-06-09 09:28:00,区域
桂AN6253,天鹅湖,2021-06-09 09:28:00,区域
辽B6000H,天鹅湖,2021-06-09 09:25:00,区域
桂P21728,天鹅湖,2021-06-09 09:20:00,区域
闽AM9765,富民,2021-06-09 09:13:00,区域
赣C8Q115,富民,2021-06-09 09:13:00,区域
闽AM9765,区域四,2021-06-09 09:13:00,区域
鄂D25666,天鹅湖,2021-06-09 09:10:00,区域
闽AM9765,天鹅湖,2021-06-09 09:07:00,区域
蒙D57671,富民,2021-06-09 09:02:00,区域
蒙D57671,天鹅湖,2021-06-09 09:00:00,区域
鲁Q790DB,富民,2021-06-09 08:59:00,区域
鲁Q790DB,天鹅湖,2021-06-09 08:52:00,区域
桂P87889,天鹅湖,2021-06-09 08:52:00,区域
桂NC9987,区域四,2021-06-09 08:50:00,区域
黑JA0871,富民,2021-06-09 08:49:00,区域
桂P11965,富民,2021-06-09 08:48:00,区域
桂P11965,区域四,2021-06-09 08:46:00,区域
黑JA0871,区域四,2021-06-09 08:39:00,区域
桂KL8100,富民,2021-06-09 08:33:00,区域
桂P15568,区域四,2021-06-09 08:29:00,区域
桂P15568,富民,2021-06-09 08:28:00,区域
桂N98380,富民,2021-06-09 08:26:00,区域
桂N98380,区域四,2021-06-09 08:24:00,区域
桂N91810,区域四,2021-06-09 08:24:00,区域
桂K25612,区域四,2021-06-09 08:18:00,区域
桂AW5292,区域四,2021-06-09 08:11:00,区域
桂N66513,富民,2021-06-09 08:10:00,区域
鲁L61633,富民,2021-06-09 08:07:00,区域
桂K18615,区域四,2021-06-09 08:06:00,区域
桂N66390,富民,2021-06-09 08:00:00,区域
桂P82983,富民,2021-06-09 07:57:00,区域
桂P07531,富民,2021-06-09 07:55:00,区域
桂C97882,富民,2021-06-09 07:55:00,区域
桂P82983,区域四,2021-06-09 07:54:00,区域
桂N66578,富民,2021-06-09 07:38:00,区域
桂C97882,区域四,2021-06-09 07:37:00,区域
桂P22158,区域四,2021-06-09 07:37:00,区域
皖M5E575,区域四,2021-06-09 07:34:00,区域
桂NC5185,富民,2021-06-09 07:28:00,区域
桂P18983,区域四,2021-06-09 07:26:00,区域
桂P18983,富民,2021-06-09 07:24:00,区域
桂P06169,区域四,2021-06-09 07:20:00,区域
桂AX3689,区域四,2021-06-09 07:11:00,区域
桂N91552,区域四,2021-06-09 07:01:00,区域
桂E37770,袁木桂,2021-06-09 06:42:00,区域
桂E37770,区域四,2021-06-09 06:40:00,区域
桂P81953,富民,2021-06-09 06:28:00,区域
赣C8Q115,区域四,2021-06-09 06:26:00,区域
桂P81953,区域四,2021-06-09 06:26:00,区域
桂P17939,富民,2021-06-09 06:23:00,区域
豫LM8317,富民,2021-06-09 05:58:00,区域
桂N71508,富民,2021-06-09 05:51:00,区域
桂N71508,区域四,2021-06-09 05:49:00,区域
鲁PF8232,富民,2021-06-09 05:44:00,区域
桂AF3083,区域四,2021-06-09 04:23:00,区域
桂P87800,区域四,2021-06-09 04:02:00,区域
桂NB3233,富民,2021-06-09 03:32:00,区域
桂NB3233,区域四,2021-06-09 03:29:00,区域
桂N70866,富民,2021-06-09 03:20:00,区域
桂N70866,区域四,2021-06-09 03:18:00,区域
渝D30379,区域四,2021-06-09 01:52:00,区域
渝D30379,富民,2021-06-09 01:45:00,区域
渝D30379,天鹅湖,2021-06-09 01:43:00,区域
桂KB3396,天鹅湖,2021-06-09 01:37:00,区域
桂P10155,袁木桂,2021-06-09 01:07:00,区域
鲁Q098JC,天鹅湖,2021-06-09 00:55:00,区域
桂KU7780,区域四,2021-06-09 00:22:00,区域
冀A8172W,区域四,2021-06-09 00:18:00,区域
豫J91292,区域四,2021-06-09 00:11:00,区域
冀D0M516,区域四,2021-06-09 00:03:00,区域
桂KF1585,天鹅湖,2021-06-08 23:56:00,区域
桂AF0892,富民,2021-06-08 23:46:00,区域
桂P87686,天鹅湖,2021-06-08 22:48:00,区域
桂P19887,富民,2021-06-08 22:36:00,区域
桂P20828,天鹅湖,2021-06-08 22:36:00,区域
桂KD8608,富民,2021-06-08 22:26:00,区域
桂P09090,天鹅湖,2021-06-08 22:18:00,区域
桂KD8608,天鹅湖,2021-06-08 21:57:00,区域
豫NH2004,富民,2021-06-08 21:50:00,区域
豫NH2004,天鹅湖,2021-06-08 21:47:00,区域
桂AV9553,富民,2021-06-08 21:30:00,区域
桂N86251,天鹅湖,2021-06-08 21:29:00,区域
桂P01868,天鹅湖,2021-06-08 21:27:00,区域
桂P19887,天鹅湖,2021-06-08 21:25:00,区域
豫HJ8644,天鹅湖,2021-06-08 21:17:00,区域
苏CJE167,天鹅湖,2021-06-08 21:15:00,区域
豫NA3359,富民,2021-06-08 21:14:00,区域
冀D0M516,富民,2021-06-08 21:02:00,区域
冀D0M516,天鹅湖,2021-06-08 20:59:00,区域
苏CEA379,天鹅湖,2021-06-08 20:53:00,区域
桂P25206,天鹅湖,2021-06-08 20:47:00,区域
桂P25206,富民,2021-06-08 20:45:00,区域
冀EL2959,天鹅湖,2021-06-08 20:33:00,区域
桂ND5398,天鹅湖,2021-06-08 20:32:00,区域
桂N39970,天鹅湖,2021-06-08 20:28:00,区域
闽A5M806,富民,2021-06-08 20:27:00,区域
闽A5M806,天鹅湖,2021-06-08 20:25:00,区域
豫K16988,天鹅湖,2021-06-08 20:24:00,区域
桂P09681,天鹅湖,2021-06-08 20:20:00,区域
桂P27668,天鹅湖,2021-06-08 20:18:00,区域
鲁PD8765,天鹅湖,2021-06-08 20:16:00,区域
桂KU6702,天鹅湖,2021-06-08 20:16:00,区域
桂N89859,天鹅湖,2021-06-08 20:15:00,区域
赣C1158N,富民,2021-06-08 20:14:00,区域
桂N99856,天鹅湖,2021-06-08 20:08:00,区域
鲁FBZ921,天鹅湖,2021-06-08 20:03:00,区域
桂P80369,天鹅湖,2021-06-08 19:48:00,区域
桂P58870,天鹅湖,2021-06-08 19:46:00,区域
桂NB5057,天鹅湖,2021-06-08 19:45:00,区域
鲁PQ0836,富民,2021-06-08 19:41:00,区域
川AAR232,天鹅湖,2021-06-08 19:40:00,区域
桂P19959,富民,2021-06-08 19:39:00,区域
鲁PQ0836,天鹅湖,2021-06-08 19:39:00,区域
粤AHK935,富民,2021-06-08 19:38:00,区域
粤AHK935,天鹅湖,2021-06-08 19:35:00,区域
桂KB2573,天鹅湖,2021-06-08 19:35:00,区域
桂N98387,天鹅湖,2021-06-08 19:35:00,区域
豫GC9173,天鹅湖,2021-06-08 19:23:00,区域
桂A99762,富民,2021-06-08 19:19:00,区域
桂A99885,天鹅湖,2021-06-08 19:19:00,区域
桂P87680,天鹅湖,2021-06-08 19:19:00,区域
桂K37810,天鹅湖,2021-06-08 19:12:00,区域
苏CMX628,天鹅湖,2021-06-08 19:04:00,区域
湘J39326,天鹅湖,2021-06-08 19:03:00,区域
吉BE0913,天鹅湖,2021-06-08 19:02:00,区域
赣C3P499,富民,2021-06-08 19:01:00,区域
赣C3P499,天鹅湖,2021-06-08 18:59:00,区域
桂F09872,富民,2021-06-08 18:58:00,区域
桂F09872,天鹅湖,2021-06-08 18:53:00,区域
桂P10155,天鹅湖,2021-06-08 18:50:00,区域
桂KB2721,天鹅湖,2021-06-08 18:43:00,区域
桂N96069,天鹅湖,2021-06-08 18:42:00,区域
苏GR5519,天鹅湖,2021-06-08 18:34:00,区域
桂P87696,天鹅湖,2021-06-08 18:34:00,区域
桂K25786,天鹅湖,2021-06-08 18:30:00,区域
桂P28223,天鹅湖,2021-06-08 18:30:00,区域
桂P28296,天鹅湖,2021-06-08 18:29:00,区域
桂P05007,天鹅湖,2021-06-08 18:27:00,区域
桂P10738,天鹅湖,2021-06-08 18:26:00,区域
桂KD5506,天鹅湖,2021-06-08 18:26:00,区域
桂P13022,天鹅湖,2021-06-08 18:25:00,区域
桂K23073,天鹅湖,2021-06-08 18:24:00,区域
桂K23073,富民,2021-06-08 18:21:00,区域
桂AA2731,天鹅湖,2021-06-08 18:20:00,区域
桂N38618,天鹅湖,2021-06-08 18:20:00,区域
赣CAN705,天鹅湖,2021-06-08 18:18:00,区域
鲁BY6163,富民,2021-06-08 18:10:00,区域
桂N67908,天鹅湖,2021-06-08 18:08:00,区域
桂P28078,天鹅湖,2021-06-08 18:05:00,区域
鲁PR6328,天鹅湖,2021-06-08 18:05:00,区域
湘AB8390,天鹅湖,2021-06-08 18:03:00,区域
桂P11589,天鹅湖,2021-06-08 18:02:00,区域
桂P12187,富民,2021-06-08 17:57:00,区域
桂AD6055,富民,2021-06-08 17:55:00,区域
桂P25238,富民,2021-06-08 17:53:00,区域
鲁FBW386,富民,2021-06-08 17:52:00,区域
鲁FBW386,天鹅湖,2021-06-08 17:50:00,区域
豫J93362,富民,2021-06-08 17:48:00,区域
冀AKU108,富民,2021-06-08 17:41:00,区域
桂N28273,天鹅湖,2021-06-08 17:41:00,区域
冀AKU108,天鹅湖,2021-06-08 17:39:00,区域
桂NB6505,天鹅湖,2021-06-08 17:30:00,区域
鲁Q636CV,天鹅湖,2021-06-08 17:29:00,区域
黑JA4916,富民,2021-06-08 17:21:00,区域
黑JA4916,天鹅湖,2021-06-08 17:18:00,区域
桂P02868,富民,2021-06-08 17:07:00,区域
桂P21783,天鹅湖,2021-06-08 17:07:00,区域
冀FR2289,富民,2021-06-08 17:02:00,区域
桂P21559,富民,2021-06-08 17:01:00,区域
冀FR2289,天鹅湖,2021-06-08 17:00:00,区域
桂P21559,天鹅湖,2021-06-08 16:59:00,区域
桂AE2788,天鹅湖,2021-06-08 16:58:00,区域
鲁FBZ921,富民,2021-06-08 16:57:00,区域
苏CHF026,袁木桂,2021-06-08 16:51:00,区域
桂ND8930,天鹅湖,2021-06-08 16:50:00,区域
桂P87669,袁木桂,2021-06-08 16:48:00,区域
粤BFV532,天鹅湖,2021-06-08 16:48:00,区域
桂P87669,天鹅湖,2021-06-08 16:46:00,区域
桂KL8100,天鹅湖,2021-06-08 16:42:00,区域
鲁PM9736,袁木桂,2021-06-08 16:38:00,区域
粤GJ8093,天鹅湖,2021-06-08 16:38:00,区域
鲁PM9736,天鹅湖,2021-06-08 16:34:00,区域
豫GC9173,袁木桂,2021-06-08 16:32:00,区域
宁AC2521,天鹅湖,2021-06-08 16:27:00,区域
豫LJ6539,袁木桂,2021-06-08 16:26:00,区域
桂AX3827,天鹅湖,2021-06-08 16:24:00,区域
豫LJ6539,天鹅湖,2021-06-08 16:24:00,区域
桂P01712,袁木桂,2021-06-08 16:22:00,区域
豫LK6376,袁木桂,2021-06-08 16:22:00,区域
辽BYB191,天鹅湖,2021-06-08 16:22:00,区域
辽BHH360,袁木桂,2021-06-08 16:21:00,区域
桂AM5565,袁木桂,2021-06-08 16:21:00,区域
吉AS7749,天鹅湖,2021-06-08 16:19:00,区域
桂P10798,天鹅湖,2021-06-08 16:19:00,区域
桂AM5565,天鹅湖,2021-06-08 16:18:00,区域
桂P15928,袁木桂,2021-06-08 16:15:00,区域
宁D73998,袁木桂,2021-06-08 16:15:00,区域
皖LC5004,天鹅湖,2021-06-08 16:12:00,区域
鲁PN3676,天鹅湖,2021-06-08 16:10:00,区域
鲁FBZ999,袁木桂,2021-06-08 16:07:00,区域
桂NB8813,袁木桂,2021-06-08 16:06:00,区域
桂P20199,袁木桂,2021-06-08 16:06:00,区域
鲁FBZ999,天鹅湖,2021-06-08 16:05:00,区域
赣DK2269,袁木桂,2021-06-08 16:04:00,区域
桂NB8813,天鹅湖,2021-06-08 16:03:00,区域
桂AC0787,袁木桂,2021-06-08 16:02:00,区域
辽BHN117,天鹅湖,2021-06-08 15:59:00,区域
豫NV6565,袁木桂,2021-06-08 15:55:00,区域
豫NV6565,天鹅湖,2021-06-08 15:52:00,区域
桂D27865,天鹅湖,2021-06-08 15:52:00,区域
桂P13015,袁木桂,2021-06-08 15:38:00,区域
桂P17918,天鹅湖,2021-06-08 15:38:00,区域
皖KS6356,袁木桂,2021-06-08 15:37:00,区域
皖KS6356,天鹅湖,2021-06-08 15:35:00,区域
桂N35556,袁木桂,2021-06-08 15:34:00,区域
桂N35556,天鹅湖,2021-06-08 15:32:00,区域
桂P26758,袁木桂,2021-06-08 15:31:00,区域
桂P02868,区域四,2021-06-08 15:28:00,区域
鲁Q515CU,袁木桂,2021-06-08 15:24:00,区域
鲁PD8765,袁木桂,2021-06-08 15:23:00,区域
浙CD8800,袁木桂,2021-06-08 15:22:00,区域
鲁Q515CU,区域四,2021-06-08 15:22:00,区域
桂P20006,区域四,2021-06-08 15:21:00,区域
吉AP4650,区域四,2021-06-08 15:20:00,区域
浙CD8800,区域四,2021-06-08 15:20:00,区域
桂P17006,区域四,2021-06-08 15:17:00,区域
鲁Q6346H,袁木桂,2021-06-08 15:15:00,区域
桂P20800,区域四,2021-06-08 15:12:00,区域
桂N65667,区域四,2021-06-08 15:12:00,区域
豫LM5551,区域四,2021-06-08 15:11:00,区域
桂P20800,袁木桂,2021-06-08 15:10:00,区域
辽BYE098,区域四,2021-06-08 15:07:00,区域
桂P28882,区域四,2021-06-08 15:06:00,区域
鲁Q259DB,区域四,2021-06-08 15:06:00,区域
辽BYE098,袁木桂,2021-06-08 15:05:00,区域
豫LM5551,袁木桂,2021-06-08 15:04:00,区域
豫PM0359,区域四,2021-06-08 15:03:00,区域
皖LB5230,袁木桂,2021-06-08 14:58:00,区域
豫LN0991,袁木桂,2021-06-08 14:56:00,区域
豫J93362,区域四,2021-06-08 14:55:00,区域
桂P89767,区域四,2021-06-08 14:53:00,区域
桂AP8292,区域四,2021-06-08 14:49:00,区域
闽AQ0915,袁木桂,2021-06-08 14:48:00,区域
皖M2C568,袁木桂,2021-06-08 14:46:00,区域
粤BFV532,袁木桂,2021-06-08 14:46:00,区域
闽AQ0915,区域四,2021-06-08 14:46:00,区域
鲁QV8008,袁木桂,2021-06-08 14:44:00,区域
桂P21891,袁木桂,2021-06-08 14:43:00,区域
鲁Q6346H,区域四,2021-06-08 14:42:00,区域
桂N90279,袁木桂,2021-06-08 14:40:00,区域
桂K26193,区域四,2021-06-08 14:39:00,区域
桂N90279,区域四,2021-06-08 14:38:00,区域
川K87977,袁木桂,2021-06-08 14:36:00,区域
桂KJ9513,袁木桂,2021-06-08 14:34:00,区域
皖LB5230,区域四,2021-06-08 14:34:00,区域
川K87977,区域四,2021-06-08 14:33:00,区域
桂P87650,袁木桂,2021-06-08 14:29:00,区域
桂K56152,区域四,2021-06-08 14:29:00,区域
桂E11826,天鹅湖,2021-06-08 14:28:00,区域
桂E11826,袁木桂,2021-06-08 14:26:00,区域
桂P26659,袁木桂,2021-06-08 14:26:00,区域
桂NB3352,袁木桂,2021-06-08 14:24:00,区域
鲁GY5501,袁木桂,2021-06-08 14:24:00,区域
桂KV9116,天鹅湖,2021-06-08 14:24:00,区域
桂P26659,天鹅湖,2021-06-08 14:23:00,区域
冀EL2959,袁木桂,2021-06-08 14:22:00,区域
赣A17982,袁木桂,2021-06-08 14:18:00,区域
桂KM4010,袁木桂,2021-06-08 14:16:00,区域
粤TA4120,天鹅湖,2021-06-08 14:15:00,区域
桂AQ9518,天鹅湖,2021-06-08 14:11:00,区域
桂KW1928,袁木桂,2021-06-08 14:06:00,区域
桂P85259,袁木桂,2021-06-08 14:05:00,区域
桂KW1928,天鹅湖,2021-06-08 14:00:00,区域
桂N85018,天鹅湖,2021-06-08 13:59:00,区域
桂P87893,天鹅湖,2021-06-08 13:59:00,区域
桂P21159,天鹅湖,2021-06-08 13:58:00,区域
冀EH7266,天鹅湖,2021-06-08 13:58:00,区域
桂KV9729,天鹅湖,2021-06-08 13:55:00,区域
桂P17006,袁木桂,2021-06-08 13:51:00,区域
桂P06765,天鹅湖,2021-06-08 13:49:00,区域
豫J91292,袁木桂,2021-06-08 13:48:00,区域
桂P20735,天鹅湖,2021-06-08 13:46:00,区域
桂P10866,天鹅湖,2021-06-08 13:46:00,区域
桂P21599,袁木桂,2021-06-08 13:43:00,区域
桂AP7283,袁木桂,2021-06-08 13:41:00,区域
桂P06765,袁木桂,2021-06-08 13:40:00,区域
桂AP7283,天鹅湖,2021-06-08 13:39:00,区域
赣C5F896,袁木桂,2021-06-08 13:38:00,区域
粤BFS393,袁木桂,2021-06-08 13:38:00,区域
鲁FAW283,天鹅湖,2021-06-08 13:38:00,区域
豫LL1318,袁木桂,2021-06-08 13:32:00,区域
粤BFS393,天鹅湖,2021-06-08 13:32:00,区域
鲁MCN878,袁木桂,2021-06-08 13:31:00,区域
桂P10128,天鹅湖,2021-06-08 13:31:00,区域
桂AV6879,天鹅湖,2021-06-08 13:30:00,区域
豫LL1318,天鹅湖,2021-06-08 13:30:00,区域
桂P28255,天鹅湖,2021-06-08 13:29:00,区域
鲁MCN878,天鹅湖,2021-06-08 13:28:00,区域
桂K16578,天鹅湖,2021-06-08 13:26:00,区域
鲁QV8008,天鹅湖,2021-06-08 13:24:00,区域
冀B8V987,天鹅湖,2021-06-08 13:24:00,区域
冀B8V987,袁木桂,2021-06-08 13:21:00,区域
赣C5F896,天鹅湖,2021-06-08 13:21:00,区域
桂A99885,袁木桂,2021-06-08 13:20:00,区域
鲁PY8878,袁木桂,2021-06-08 13:20:00,区域
鲁PY8878,天鹅湖,2021-06-08 13:17:00,区域
桂P26868,天鹅湖,2021-06-08 13:16:00,区域
桂KU6558,天鹅湖,2021-06-08 13:16:00,区域
桂P07911,天鹅湖,2021-06-08 13:16:00,区域
豫LK6376,天鹅湖,2021-06-08 13:15:00,区域
豫A8717X,袁木桂,2021-06-08 13:14:00,区域
桂NB6889,天鹅湖,2021-06-08 13:10:00,区域
桂KF2292,天鹅湖,2021-06-08 13:09:00,区域
桂N38733,天鹅湖,2021-06-08 13:09:00,区域
桂NB6889,袁木桂,2021-06-08 13:07:00,区域
桂P16109,袁木桂,2021-06-08 13:06:00,区域
桂P16109,天鹅湖,2021-06-08 13:03:00,区域
桂P87809,天鹅湖,2021-06-08 13:03:00,区域
豫A8717X,天鹅湖,2021-06-08 13:03:00,区域
桂P21556,袁木桂,2021-06-08 13:01:00,区域
桂P20713,天鹅湖,2021-06-08 12:59:00,区域
桂NB9710,袁木桂,2021-06-08 12:56:00,区域
宁D73998,天鹅湖,2021-06-08 12:55:00,区域
桂NB9710,天鹅湖,2021-06-08 12:54:00,区域
粤BHJ466,袁木桂,2021-06-08 12:52:00,区域
粤BHJ466,天鹅湖,2021-06-08 12:50:00,区域
桂P27939,袁木桂,2021-06-08 12:49:00,区域
桂E61077,天鹅湖,2021-06-08 12:49:00,区域
桂KY8603,天鹅湖,2021-06-08 12:48:00,区域
桂P27939,天鹅湖,2021-06-08 12:48:00,区域
赣A47286,袁木桂,2021-06-08 12:44:00,区域
赣A47286,天鹅湖,2021-06-08 12:42:00,区域
桂N39970,袁木桂,2021-06-08 12:40:00,区域
桂P21795,袁木桂,2021-06-08 12:40:00,区域
豫HL9582,天鹅湖,2021-06-08 12:40:00,区域
桂P26126,天鹅湖,2021-06-08 12:38:00,区域
桂AV2877,富民,2021-06-08 12:36:00,区域
冀ET8324,富民,2021-06-08 12:34:00,区域
冀ET8324,天鹅湖,2021-06-08 12:31:00,区域
豫KF6186,富民,2021-06-08 12:30:00,区域
闽AS1793,富民,2021-06-08 12:27:00,区域
豫KF6186,天鹅湖,2021-06-08 12:27:00,区域
桂P20613,富民,2021-06-08 12:26:00,区域
粤T12229,富民,2021-06-08 12:25:00,区域
闽AS1793,天鹅湖,2021-06-08 12:25:00,区域
鲁GY5501,天鹅湖,2021-06-08 12:24:00,区域
粤GJ8093,富民,2021-06-08 12:23:00,区域
桂P20613,天鹅湖,2021-06-08 12:23:00,区域
粤T12229,天鹅湖,2021-06-08 12:23:00,区域
鲁PF8232,天鹅湖,2021-06-08 12:21:00,区域
粤BFQ053,天鹅湖,2021-06-08 12:20:00,区域
桂KJ9513,天鹅湖,2021-06-08 12:17:00,区域
鲁PQ9799,富民,2021-06-08 12:10:00,区域
辽BYB191,富民,2021-06-08 12:09:00,区域
桂AQ9817,天鹅湖,2021-06-08 12:09:00,区域
鲁PQ9799,天鹅湖,2021-06-08 12:08:00,区域
桂P83883,天鹅湖,2021-06-08 12:08:00,区域
桂P83883,富民,2021-06-08 12:06:00,区域
桂NB5057,富民,2021-06-08 11:59:00,区域
桂AE6692,天鹅湖,2021-06-08 11:54:00,区域
粤BGH034,富民,2021-06-08 11:53:00,区域
桂N95832,天鹅湖,2021-06-08 11:53:00,区域
粤K54470,区域四,2021-06-08 11:53:00,区域
粤BGH034,区域四,2021-06-08 11:50:00,区域
桂P21298,区域四,2021-06-08 11:50:00,区域
桂KK2817,富民,2021-06-08 11:45:00,区域
桂E03328,袁木桂,2021-06-08 11:45:00,区域
桂E03328,区域四,2021-06-08 11:43:00,区域
桂KK2817,区域四,2021-06-08 11:43:00,区域
皖SE2513,区域四,2021-06-08 11:42:00,区域
鲁FAW283,富民,2021-06-08 11:39:00,区域
冀GC0021,富民,2021-06-08 11:38:00,区域
桂KK0779,富民,2021-06-08 11:37:00,区域
桂P89198,富民,2021-06-08 11:36:00,区域
桂KB7955,区域四,2021-06-08 11:36:00,区域
冀GC0021,区域四,2021-06-08 11:35:00,区域
桂KK0779,区域四,2021-06-08 11:34:00,区域
桂P89198,区域四,2021-06-08 11:33:00,区域
鲁YC7351,富民,2021-06-08 11:29:00,区域
辽MS0375,富民,2021-06-08 11:29:00,区域
鲁YC7351,区域四,2021-06-08 11:27:00,区域
辽MS0375,区域四,2021-06-08 11:27:00,区域
桂AC0199,区域四,2021-06-08 11:23:00,区域
冀AAS848,富民,2021-06-08 11:21:00,区域
冀AAS848,区域四,2021-06-08 11:19:00,区域
桂AC0879,区域四,2021-06-08 11:16:00,区域
桂N91856,区域四,2021-06-08 11:15:00,区域
桂NB9813,富民,2021-06-08 11:10:00,区域
桂P81085,富民,2021-06-08 11:09:00,区域
桂NB9813,区域四,2021-06-08 11:08:00,区域
苏F88078,富民,2021-06-08 11:04:00,区域
浙B1B602,区域四,2021-06-08 11:03:00,区域
桂AQ1813,富民,2021-06-08 10:59:00,区域
桂BJ7533,富民,2021-06-08 10:56:00,区域
桂P25268,区域四,2021-06-08 10:42:00,区域
桂BJ7533,区域四,2021-06-08 10:39:00,区域
湘AG1866,富民,2021-06-08 10:37:00,区域
湘AG1866,区域四,2021-06-08 10:35:00,区域
桂P87686,富民,2021-06-08 10:30:00,区域
桂P26726,区域四,2021-06-08 10:28:00,区域
苏F88078,区域四,2021-06-08 10:27:00,区域
闽AR5290,富民,2021-06-08 10:25:00,区域
桂NB6766,天鹅湖,2021-06-08 10:23:00,区域
闽AR5290,天鹅湖,2021-06-08 10:22:00,区域
桂E17336,天鹅湖,2021-06-08 10:22:00,区域
粤G47669,天鹅湖,2021-06-08 10:22:00,区域
桂NB7379,天鹅湖,2021-06-08 10:20:00,区域
鲁V35805,天鹅湖,2021-06-08 10:20:00,区域
桂KR7233,富民,2021-06-08 10:16:00,区域
桂P21551,富民,2021-06-08 10:16:00,区域
桂KR7233,天鹅湖,2021-06-08 10:13:00,区域
桂P21551,天鹅湖,2021-06-08 10:13:00,区域
粤BHK272,袁木桂,2021-06-08 10:11:00,区域
辽CC2884,富民,2021-06-08 10:11:00,区域
桂P20103,天鹅湖,2021-06-08 10:11:00,区域
粤BHK272,天鹅湖,2021-06-08 10:09:00,区域
桂NC6185,富民,2021-06-08 10:05:00,区域
桂NC6185,天鹅湖,2021-06-08 10:02:00,区域
桂P53362,天鹅湖,2021-06-08 09:59:00,区域
桂N80991,富民,2021-06-08 09:56:00,区域
桂P13081,富民,2021-06-08 09:53:00,区域
皖LC2766,富民,2021-06-08 09:53:00,区域
桂N80991,天鹅湖,2021-06-08 09:53:00,区域
皖LC2766,天鹅湖,2021-06-08 09:50:00,区域
辽BHH360,天鹅湖,2021-06-08 09:50:00,区域
桂P27169,天鹅湖,2021-06-08 09:49:00,区域
桂P08035,天鹅湖,2021-06-08 09:48:00,区域
桂KK0672,天鹅湖,2021-06-08 09:48:00,区域
桂P18913,天鹅湖,2021-06-08 09:47:00,区域
冀GA9756,富民,2021-06-08 09:42:00,区域
桂P57817,天鹅湖,2021-06-08 09:41:00,区域
桂P21208,天鹅湖,2021-06-08 09:41:00,区域
桂P87650,天鹅湖,2021-06-08 09:38:00,区域
桂P23312,富民,2021-06-08 09:36:00,区域
辽CC2884,天鹅湖,2021-06-08 09:36:00,区域
皖LC6120,富民,2021-06-08 09:35:00,区域
桂P23312,天鹅湖,2021-06-08 09:34:00,区域
辽ACF606,富民,2021-06-08 09:22:00,区域
桂KK3386,富民,2021-06-08 09:21:00,区域
辽ACF606,天鹅湖,2021-06-08 09:20:00,区域
桂P26683,富民,2021-06-08 09:19:00,区域
桂KK3386,天鹅湖,2021-06-08 09:19:00,区域
桂P26683,天鹅湖,2021-06-08 09:17:00,区域
桂K13572,富民,2021-06-08 09:14:00,区域
桂P21627,天鹅湖,2021-06-08 09:13:00,区域
鲁PV9971,富民,2021-06-08 09:12:00,区域
桂P08817,天鹅湖,2021-06-08 09:11:00,区域
桂K13572,天鹅湖,2021-06-08 09:11:00,区域
苏F36703,富民,2021-06-08 09:06:00,区域
桂P89767,袁木桂,2021-06-08 09:06:00,区域
苏F89575,富民,2021-06-08 09:02:00,区域
桂AY9679,天鹅湖,2021-06-08 09:02:00,区域
苏F89575,天鹅湖,2021-06-08 09:00:00,区域
苏AV6582,富民,2021-06-08 08:56:00,区域
桂AP8363,富民,2021-06-08 08:54:00,区域
苏AV6582,天鹅湖,2021-06-08 08:54:00,区域
桂AP8363,天鹅湖,2021-06-08 08:52:00,区域
鲁PQ7160,富民,2021-06-08 08:48:00,区域
鲁Q925EM,富民,2021-06-08 08:47:00,区域
桂P01318,天鹅湖,2021-06-08 08:45:00,区域
鲁PQ7160,天鹅湖,2021-06-08 08:45:00,区域
鲁Q925EM,天鹅湖,2021-06-08 08:44:00,区域
桂KL9188,富民,2021-06-08 08:39:00,区域
桂AE6233,天鹅湖,2021-06-08 08:39:00,区域
鲁PV9971,天鹅湖,2021-06-08 08:38:00,区域
桂P21556,天鹅湖,2021-06-08 08:35:00,区域
桂P81983,富民,2021-06-08 08:30:00,区域
桂KK1139,天鹅湖,2021-06-08 08:30:00,区域
桂AE0580,天鹅湖,2021-06-08 08:25:00,区域
皖LD3794,天鹅湖,2021-06-08 08:21:00,区域
桂P81983,天鹅湖,2021-06-08 08:19:00,区域
桂AV9269,富民,2021-06-08 08:14:00,区域
桂AV9269,天鹅湖,2021-06-08 08:12:00,区域
冀GA9756,天鹅湖,2021-06-08 08:06:00,区域
桂E29892,天鹅湖,2021-06-08 08:02:00,区域
桂AW0307,天鹅湖,2021-06-08 07:59:00,区域
桂P05297,富民,2021-06-08 07:55:00,区域
桂P81288,天鹅湖,2021-06-08 07:53:00,区域
桂P05297,天鹅湖,2021-06-08 07:52:00,区域
桂P00611,天鹅湖,2021-06-08 07:52:00,区域
鲁L61397,富民,2021-06-08 07:51:00,区域
桂AW7125,天鹅湖,2021-06-08 07:49:00,区域
桂P85129,天鹅湖,2021-06-08 07:49:00,区域
鲁L61397,天鹅湖,2021-06-08 07:42:00,区域
桂AC6121,天鹅湖,2021-06-08 07:42:00,区域
桂NB3689,天鹅湖,2021-06-08 07:29:00,区域
桂NB6156,天鹅湖,2021-06-08 07:27:00,区域
闽AG1885,富民,2021-06-08 07:25:00,区域
鲁PL4029,富民,2021-06-08 07:23:00,区域
桂P06255,富民,2021-06-08 07:23:00,区域
桂N33902,天鹅湖,2021-06-08 07:23:00,区域
闽AG1885,天鹅湖,2021-06-08 07:22:00,区域
桂P06255,天鹅湖,2021-06-08 07:18:00,区域
桂KK1572,富民,2021-06-08 07:14:00,区域
鲁PL4029,天鹅湖,2021-06-08 07:14:00,区域
桂KK1572,天鹅湖,2021-06-08 07:12:00,区域
鲁GC0382,富民,2021-06-08 07:03:00,区域
桂KY6650,富民,2021-06-08 07:02:00,区域
鲁GC0382,天鹅湖,2021-06-08 07:01:00,区域
鲁K73396,天鹅湖,2021-06-08 07:01:00,区域
桂KY6650,天鹅湖,2021-06-08 07:00:00,区域
桂P01388,天鹅湖,2021-06-08 07:00:00,区域
桂P18813,富民,2021-06-08 06:48:00,区域
桂AS3228,袁木桂,2021-06-08 06:07:00,区域
苏F36703,天鹅湖,2021-06-08 06:07:00,区域
桂P87608,富民,2021-06-08 05:42:00,区域
赣CBN922,富民,2021-06-08 05:09:00,区域
赣CBN922,天鹅湖,2021-06-08 05:07:00,区域
桂P20816,富民,2021-06-08 05:00:00,区域
桂AN2886,天鹅湖,2021-06-08 04:19:00,区域
桂AN2886,富民,2021-06-08 04:16:00,区域
鲁Q006FH,富民,2021-06-08 03:38:00,区域
鲁Q006FH,天鹅湖,2021-06-08 03:34:00,区域
桂P07229,富民,2021-06-08 03:17:00,区域
桂P21691,天鹅湖,2021-06-08 02:51:00,区域
桂P21795,天鹅湖,2021-06-08 02:33:00,区域
鲁Q328LZ,富民,2021-06-08 02:30:00,区域
桂AQ9681,天鹅湖,2021-06-08 01:47:00,区域
桂KU5031,天鹅湖,2021-06-08 00:28:00,区域
桂AQ5813,天鹅湖,2021-06-08 00:23:00,区域
桂AQ2385,富民,2021-06-08 00:12:00,区域
桂KL9188,天鹅湖,2021-06-08 00:04:00,区域
桂KF2305,传奇,2021-06-07 23:58:00,区域
桂KR3051,富民,2021-06-07 23:57:00,区域
桂KR3051,天鹅湖,2021-06-07 23:55:00,区域
鲁PQ3308,富民,2021-06-07 23:52:00,区域
桂N28897,富民,2021-06-07 23:50:00,区域
鲁PQ3308,天鹅湖,2021-06-07 23:49:00,区域
冀A1093Y,富民,2021-06-07 23:44:00,区域
冀A1093Y,天鹅湖,2021-06-07 23:42:00,区域
桂KF2305,天鹅湖,2021-06-07 23:41:00,区域
桂P11263,天鹅湖,2021-06-07 23:28:00,区域
桂N92999,天鹅湖,2021-06-07 23:21:00,区域
桂P87232,富民,2021-06-07 23:00:00,区域
桂N68806,传奇,2021-06-07 22:44:00,区域
皖KS5852,天鹅湖,2021-06-07 22:29:00,区域
鲁NE0541,天鹅湖,2021-06-07 22:23:00,区域
桂P20009,富民,2021-06-07 22:20:00,区域
桂P20009,天鹅湖,2021-06-07 22:17:00,区域
桂N95772,天鹅湖,2021-06-07 22:13:00,区域
桂P06583,天鹅湖,2021-06-07 22:02:00,区域
桂P59218,天鹅湖,2021-06-07 22:01:00,区域
桂C60891,富民,2021-06-07 21:52:00,区域
黑CA6758,天鹅湖,2021-06-07 21:48:00,区域
桂P21383,天鹅湖,2021-06-07 21:42:00,区域
桂AV7615,天鹅湖,2021-06-07 21:42:00,区域
桂N33819,传奇,2021-06-07 21:31:00,区域
赣C2527W,天鹅湖,2021-06-07 21:29:00,区域
鲁PV9073,天鹅湖,2021-06-07 21:26:00,区域
冀ER8579,天鹅湖,2021-06-07 21:23:00,区域
桂K38575,天鹅湖,2021-06-07 21:11:00,区域
桂N87397,富民,2021-06-07 21:09:00,区域
桂N68806,天鹅湖,2021-06-07 21:01:00,区域
桂P25833,天鹅湖,2021-06-07 20:44:00,区域
桂AS3228,天鹅湖,2021-06-07 20:40:00,区域
桂P13918,天鹅湖,2021-06-07 20:29:00,区域
豫HJ4607,富民,2021-06-07 20:18:00,区域
渝DV6888,袁木桂,2021-06-07 20:17:00,区域
桂P85533,袁木桂,2021-06-07 20:14:00,区域
渝DV6888,天鹅湖,2021-06-07 20:14:00,区域
鲁PQ1020,天鹅湖,2021-06-07 20:10:00,区域
桂N27178,袁木桂,2021-06-07 20:09:00,区域
桂N60730,袁木桂,2021-06-07 20:09:00,区域
桂N27178,天鹅湖,2021-06-07 20:07:00,区域
桂N60730,天鹅湖,2021-06-07 20:07:00,区域
桂K12192,天鹅湖,2021-06-07 20:06:00,区域
桂P20969,袁木桂,2021-06-07 20:04:00,区域
桂N33819,天鹅湖,2021-06-07 20:04:00,区域
桂P11321,天鹅湖,2021-06-07 20:03:00,区域
粤KP8259,区域四,2021-06-07 19:59:00,区域
桂P25252,区域四,2021-06-07 19:59:00,区域
桂N62568,传奇,2021-06-07 19:56:00,区域
浙J19815,袁木桂,2021-06-07 19:56:00,区域
鲁Q656FR,区域四,2021-06-07 19:56:00,区域
桂P07229,区域四,2021-06-07 19:56:00,区域
浙J19815,区域四,2021-06-07 19:54:00,区域
粤U03327,袁木桂,2021-06-07 19:53:00,区域
桂N86611,袁木桂,2021-06-07 19:52:00,区域
粤U03327,区域四,2021-06-07 19:51:00,区域
桂N86611,区域四,2021-06-07 19:50:00,区域
桂P23336,袁木桂,2021-06-07 19:49:00,区域
桂P08131,传奇,2021-06-07 19:45:00,区域
桂P87216,袁木桂,2021-06-07 19:43:00,区域
桂P27168,区域四,2021-06-07 19:42:00,区域
鲁QH7180,袁木桂,2021-06-07 19:41:00,区域
鲁Q9717H,袁木桂,2021-06-07 19:39:00,区域
桂P16922,袁木桂,2021-06-07 19:36:00,区域
桂KL5352,区域四,2021-06-07 19:32:00,区域
桂P05197,袁木桂,2021-06-07 19:31:00,区域
桂N83701,区域四,2021-06-07 19:31:00,区域
沪EP2232,区域四,2021-06-07 19:30:00,区域
豫HJ4607,区域四,2021-06-07 19:28:00,区域
桂KK0736,袁木桂,2021-06-07 19:26:00,区域
黑AS9623,区域四,2021-06-07 19:25:00,区域
桂P08131,区域四,2021-06-07 19:24:00,区域
桂N87360,袁木桂,2021-06-07 19:23:00,区域
鲁PT9178,袁木桂,2021-06-07 19:23:00,区域
鲁PT9178,区域四,2021-06-07 19:21:00,区域
桂N91856,袁木桂,2021-06-07 19:18:00,区域
桂P20258,区域四,2021-06-07 19:13:00,区域
桂KM4010,区域四,2021-06-07 19:13:00,区域
桂AQ1813,区域四,2021-06-07 19:11:00,区域
桂P27818,区域四,2021-06-07 19:10:00,区域
桂P12770,传奇,2021-06-07 19:04:00,区域
桂KK3387,区域四,2021-06-07 19:04:00,区域
桂NC1368,区域四,2021-06-07 19:04:00,区域
桂N62568,区域四,2021-06-07 19:02:00,区域
桂KK3387,袁木桂,2021-06-07 19:01:00,区域
苏AN6206,区域四,2021-06-07 18:59:00,区域
皖AG3667,天鹅湖,2021-06-07 18:55:00,区域
黑CA6758,袁木桂,2021-06-07 18:53:00,区域
桂N66597,袁木桂,2021-06-07 18:53:00,区域
浙B87F66,天鹅湖,2021-06-07 18:53:00,区域
桂P28202,天鹅湖,2021-06-07 18:47:00,区域
桂N68787,传奇,2021-06-07 18:46:00,区域
桂P20758,袁木桂,2021-06-07 18:46:00,区域
桂P28206,袁木桂,2021-06-07 18:45:00,区域
桂P12770,袁木桂,2021-06-07 18:45:00,区域
桂N68787,天鹅湖,2021-06-07 18:41:00,区域
桂P85082,袁木桂,2021-06-07 18:39:00,区域
桂AP5135,传奇,2021-06-07 18:37:00,区域
桂KL6231,袁木桂,2021-06-07 18:36:00,区域
桂P51189,天鹅湖,2021-06-07 18:35:00,区域
桂E16765,天鹅湖,2021-06-07 18:35:00,区域
桂KL6231,天鹅湖,2021-06-07 18:33:00,区域
桂P12187,天鹅湖,2021-06-07 18:31:00,区域
桂P81650,传奇,2021-06-07 18:30:00,区域
鄂AAA262,天鹅湖,2021-06-07 18:30:00,区域
鲁BY9683,天鹅湖,2021-06-07 18:29:00,区域
桂NC9668,天鹅湖,2021-06-07 18:28:00,区域
鲁BY9683,袁木桂,2021-06-07 18:26:00,区域
桂N97333,天鹅湖,2021-06-07 18:21:00,区域
桂P87608,天鹅湖,2021-06-07 18:18:00,区域
桂AP5135,天鹅湖,2021-06-07 18:17:00,区域
桂P55109,传奇,2021-06-07 18:16:00,区域
鲁VC2375,袁木桂,2021-06-07 18:14:00,区域
辽HK7680,袁木桂,2021-06-07 18:13:00,区域
鲁PZ5632,天鹅湖,2021-06-07 18:10:00,区域
辽HK7680,天鹅湖,2021-06-07 18:08:00,区域
渝BX0220,天鹅湖,2021-06-07 18:05:00,区域
桂P06289,袁木桂,2021-06-07 18:03:00,区域
桂P55109,天鹅湖,2021-06-07 18:03:00,区域
桂P81650,天鹅湖,2021-06-07 18:03:00,区域
粤BFN935,天鹅湖,2021-06-07 17:59:00,区域
桂AD1837,天鹅湖,2021-06-07 17:58:00,区域
桂P21018,天鹅湖,2021-06-07 17:58:00,区域
豫LN0991,天鹅湖,2021-06-07 17:58:00,区域
桂KK0328,天鹅湖,2021-06-07 17:52:00,区域
鄂DA4978,袁木桂,2021-06-07 17:47:00,区域
鲁PZ3131,袁木桂,2021-06-07 17:45:00,区域
鲁PZ3131,天鹅湖,2021-06-07 17:42:00,区域
桂N92659,传奇,2021-06-07 17:40:00,区域
桂KY5939,天鹅湖,2021-06-07 17:40:00,区域
豫N82B0B,袁木桂,2021-06-07 17:39:00,区域
粤AFA609,袁木桂,2021-06-07 17:36:00,区域
鲁PL0059,袁木桂,2021-06-07 17:36:00,区域
冀A0A320,天鹅湖,2021-06-07 17:36:00,区域
粤T17619,天鹅湖,2021-06-07 17:36:00,区域
豫N82B0B,天鹅湖,2021-06-07 17:34:00,区域
鲁RQ1808,天鹅湖,2021-06-07 17:33:00,区域
桂AV2877,天鹅湖,2021-06-07 17:31:00,区域
桂N92659,天鹅湖,2021-06-07 17:30:00,区域
粤AFA609,天鹅湖,2021-06-07 17:30:00,区域
京AMR787,天鹅湖,2021-06-07 17:29:00,区域
桂AF9768,袁木桂,2021-06-07 17:28:00,区域
桂E08395,袁木桂,2021-06-07 17:27:00,区域
皖KS5852,袁木桂,2021-06-07 17:24:00,区域
桂E08395,天鹅湖,2021-06-07 17:24:00,区域
鄂FFV760,袁木桂,2021-06-07 17:20:00,区域
桂KK0316,天鹅湖,2021-06-07 17:20:00,区域
鄂FFV760,天鹅湖,2021-06-07 17:16:00,区域
桂KY2207,袁木桂,2021-06-07 17:13:00,区域
桂P21885,袁木桂,2021-06-07 17:11:00,区域
鲁PL0059,天鹅湖,2021-06-07 17:11:00,区域
桂P21885,天鹅湖,2021-06-07 17:09:00,区域
桂D23159,天鹅湖,2021-06-07 17:06:00,区域
浙B87F66,袁木桂,2021-06-07 17:01:00,区域
桂AF5653,天鹅湖,2021-06-07 16:58:00,区域
桂P20639,天鹅湖,2021-06-07 16:58:00,区域
桂K19873,天鹅湖,2021-06-07 16:57:00,区域
桂NB6085,天鹅湖,2021-06-07 16:57:00,区域
桂AB8833,天鹅湖,2021-06-07 16:57:00,区域
闽F98992,天鹅湖,2021-06-07 16:54:00,区域
桂K29328,天鹅湖,2021-06-07 16:53:00,区域
桂KU7780,袁木桂,2021-06-07 16:48:00,区域
桂P25279,天鹅湖,2021-06-07 16:46:00,区域
桂KU7780,天鹅湖,2021-06-07 16:45:00,区域
桂P11266,天鹅湖,2021-06-07 16:45:00,区域
桂P19867,袁木桂,2021-06-07 16:44:00,区域
桂K37223,袁木桂,2021-06-07 16:40:00,区域
桂K63099,天鹅湖,2021-06-07 16:40:00,区域
桂AF5653,袁木桂,2021-06-07 16:39:00,区域
鲁PN8227,天鹅湖,2021-06-07 16:39:00,区域
辽D53439,天鹅湖,2021-06-07 16:36:00,区域
桂KF3231,天鹅湖,2021-06-07 16:35:00,区域
桂AQ5862,袁木桂,2021-06-07 16:32:00,区域
鲁Q692GK,袁木桂,2021-06-07 16:31:00,区域
桂AQ5862,天鹅湖,2021-06-07 16:30:00,区域
鲁Q692GK,天鹅湖,2021-06-07 16:29:00,区域
鲁YC7287,袁木桂,2021-06-07 16:28:00,区域
桂KF3652,天鹅湖,2021-06-07 16:26:00,区域
桂KZ0285,天鹅湖,2021-06-07 16:25:00,区域
桂P06289,天鹅湖,2021-06-07 16:13:00,区域
桂P25229,袁木桂,2021-06-07 16:12:00,区域
鲁Q01H68,天鹅湖,2021-06-07 16:10:00,区域
豫LM8317,天鹅湖,2021-06-07 16:08:00,区域
桂P27668,袁木桂,2021-06-07 16:07:00,区域
桂E09888,天鹅湖,2021-06-07 16:05:00,区域
鲁FV9963,袁木桂,2021-06-07 16:04:00,区域
渝BY8619,袁木桂,2021-06-07 16:04:00,区域
豫K38166,袁木桂,2021-06-07 16:02:00,区域
渝A98872,天鹅湖,2021-06-07 16:01:00,区域
渝BY8619,天鹅湖,2021-06-07 16:01:00,区域
鲁L61633,天鹅湖,2021-06-07 16:01:00,区域
桂KH3610,袁木桂,2021-06-07 15:58:00,区域
桂P21786,袁木桂,2021-06-07 15:57:00,区域
桂KH3610,天鹅湖,2021-06-07 15:55:00,区域
桂KK1807,天鹅湖,2021-06-07 15:54:00,区域
鲁FV9963,区域五,2021-06-07 15:54:00,区域
苏CKL602,袁木桂,2021-06-07 15:53:00,区域
鲁PN9153,袁木桂,2021-06-07 15:53:00,区域
桂KF3652,袁木桂,2021-06-07 15:53:00,区域
苏CKL602,区域五,2021-06-07 15:51:00,区域
皖M1A677,区域五,2021-06-07 15:51:00,区域
鲁PN9153,区域五,2021-06-07 15:51:00,区域
桂P81999,区域五,2021-06-07 15:47:00,区域
鲁Q070AR,区域五,2021-06-07 15:46:00,区域
桂KY0302,袁木桂,2021-06-07 15:45:00,区域
豫LL3965,袁木桂,2021-06-07 15:44:00,区域
桂P21085,袁木桂,2021-06-07 15:43:00,区域
桂KY0302,区域五,2021-06-07 15:43:00,区域
豫LL3965,区域五,2021-06-07 15:42:00,区域
桂P21085,区域五,2021-06-07 15:41:00,区域
苏ERD817,袁木桂,2021-06-07 15:40:00,区域
苏ERD817,区域五,2021-06-07 15:38:00,区域
桂P86959,区域五,2021-06-07 15:35:00,区域
桂P87872,袁木桂,2021-06-07 15:33:00,区域
桂P12012,袁木桂,2021-06-07 15:33:00,区域
苏CHK016,袁木桂,2021-06-07 15:33:00,区域
桂P81813,区域五,2021-06-07 15:33:00,区域
桂P87872,区域五,2021-06-07 15:31:00,区域
豫K38166,区域五,2021-06-07 15:30:00,区域
桂P28238,区域五,2021-06-07 15:26:00,区域
黑BN2156,袁木桂,2021-06-07 15:25:00,区域
辽J31221,袁木桂,2021-06-07 15:23:00,区域
黑BN2156,区域五,2021-06-07 15:23:00,区域
辽J31221,区域五,2021-06-07 15:21:00,区域
豫LJ1722,袁木桂,2021-06-07 15:19:00,区域
桂P20580,袁木桂,2021-06-07 15:18:00,区域
桂E05236,区域五,2021-06-07 15:16:00,区域
桂P32569,区域五,2021-06-07 15:15:00,区域
桂E05236,袁木桂,2021-06-07 15:14:00,区域
桂P27111,区域五,2021-06-07 15:14:00,区域
桂AM9116,区域五,2021-06-07 15:14:00,区域
桂P12770,区域五,2021-06-07 15:13:00,区域
桂P27111,袁木桂,2021-06-07 15:12:00,区域
豫RR7557,区域五,2021-06-07 15:10:00,区域
桂P23918,袁木桂,2021-06-07 15:09:00,区域
豫CN8578,区域五,2021-06-07 15:07:00,区域
桂P23918,区域五,2021-06-07 15:07:00,区域
豫CN8578,袁木桂,2021-06-07 15:04:00,区域
桂FA6936,袁木桂,2021-06-07 14:59:00,区域
豫RX1296,袁木桂,2021-06-07 14:59:00,区域
桂C88173,袁木桂,2021-06-07 14:59:00,区域
桂N95556,袁木桂,2021-06-07 14:58:00,区域
桂E05939,袁木桂,2021-06-07 14:57:00,区域
桂FA6936,区域五,2021-06-07 14:57:00,区域
桂C88173,区域五,2021-06-07 14:57:00,区域
豫RX1296,区域五,2021-06-07 14:57:00,区域
桂K62688,区域五,2021-06-07 14:56:00,区域
鲁BY6163,区域五,2021-06-07 14:54:00,区域
桂K79609,区域五,2021-06-07 14:47:00,区域
桂P57891,区域五,2021-06-07 14:44:00,区域
桂K38691,传奇,2021-06-07 14:41:00,区域
桂P86955,区域五,2021-06-07 14:41:00,区域
桂P51189,袁木桂,2021-06-07 14:39:00,区域
桂P86955,袁木桂,2021-06-07 14:39:00,区域
鲁Q787BZ,袁木桂,2021-06-07 14:39:00,区域
桂N38978,区域五,2021-06-07 14:39:00,区域
桂P18900,区域五,2021-06-07 14:38:00,区域
桂P21115,袁木桂,2021-06-07 14:37:00,区域
桂P26685,区域五,2021-06-07 14:37:00,区域
桂KH9658,袁木桂,2021-06-07 14:35:00,区域
鲁Q787BZ,区域五,2021-06-07 14:35:00,区域
桂P18900,袁木桂,2021-06-07 14:34:00,区域
桂KH9658,区域五,2021-06-07 14:33:00,区域
豫LK2631,袁木桂,2021-06-07 14:32:00,区域
桂KA8729,区域五,2021-06-07 14:31:00,区域
豫LK2631,区域五,2021-06-07 14:30:00,区域
桂E16792,区域五,2021-06-07 14:30:00,区域
桂K38691,袁木桂,2021-06-07 14:29:00,区域
桂P21115,区域五,2021-06-07 14:29:00,区域
桂P23396,袁木桂,2021-06-07 14:28:00,区域
桂E16792,袁木桂,2021-06-07 14:27:00,区域
鲁PS7915,区域五,2021-06-07 14:27:00,区域
桂P16916,区域五,2021-06-07 14:26:00,区域
豫LF6058,袁木桂,2021-06-07 14:25:00,区域
桂P19867,区域五,2021-06-07 14:25:00,区域
苏CHK016,区域五,2021-06-07 14:24:00,区域
豫LF6058,区域五,2021-06-07 14:24:00,区域
辽HE1253,区域五,2021-06-07 14:23:00,区域
冀D7D159,区域五,2021-06-07 14:18:00,区域
桂N53963,袁木桂,2021-06-07 14:17:00,区域
桂P17939,区域五,2021-06-07 14:16:00,区域
桂AW9777,区域五,2021-06-07 14:15:00,区域
豫LK0381,袁木桂,2021-06-07 14:14:00,区域
桂CJ8170,袁木桂,2021-06-07 14:12:00,区域
豫LK0381,区域五,2021-06-07 14:12:00,区域
鲁FCL329,袁木桂,2021-06-07 14:11:00,区域
桂N82627,区域五,2021-06-07 14:11:00,区域
鲁FBJ805,区域五,2021-06-07 14:10:00,区域
赣DK2269,区域五,2021-06-07 14:10:00,区域
桂CJ8170,区域五,2021-06-07 14:10:00,区域
赣CQ9993,袁木桂,2021-06-07 14:09:00,区域
鲁FCL329,区域五,2021-06-07 14:09:00,区域
桂N82627,袁木桂,2021-06-07 14:08:00,区域
粤GJ3197,区域五,2021-06-07 14:08:00,区域
桂P28158,袁木桂,2021-06-07 14:07:00,区域
桂P87687,区域五,2021-06-07 14:04:00,区域
鲁FBG111,袁木桂,2021-06-07 14:03:00,区域
桂P87687,袁木桂,2021-06-07 14:02:00,区域
桂NC1389,袁木桂,2021-06-07 14:02:00,区域
桂P21028,区域五,2021-06-07 14:02:00,区域
桂NC1389,区域五,2021-06-07 14:00:00,区域
桂K88352,区域五,2021-06-07 14:00:00,区域
鲁FBG111,区域五,2021-06-07 13:59:00,区域
桂A88686,区域五,2021-06-07 13:58:00,区域
桂K38691,区域五,2021-06-07 13:57:00,区域
桂N53963,区域五,2021-06-07 13:55:00,区域
桂P11263,袁木桂,2021-06-07 13:54:00,区域
桂KY9126,天鹅湖,2021-06-07 13:54:00,区域
桂AQ5790,天鹅湖,2021-06-07 13:53:00,区域
闽AR3935,袁木桂,2021-06-07 13:52:00,区域
桂AE6692,袁木桂,2021-06-07 13:52:00,区域
闽AR3935,天鹅湖,2021-06-07 13:49:00,区域
桂P20768,袁木桂,2021-06-07 13:44:00,区域
桂KR9551,天鹅湖,2021-06-07 13:44:00,区域
桂P23379,天鹅湖,2021-06-07 13:43:00,区域
赣CX8228,袁木桂,2021-06-07 13:42:00,区域
桂AF1988,袁木桂,2021-06-07 13:40:00,区域
桂P87232,天鹅湖,2021-06-07 13:38:00,区域
湘AJ9670,袁木桂,2021-06-07 13:37:00,区域
桂AF1988,天鹅湖,2021-06-07 13:37:00,区域
桂P20768,天鹅湖,2021-06-07 13:37:00,区域
辽P27070,袁木桂,2021-06-07 13:36:00,区域
桂P19873,袁木桂,2021-06-07 13:36:00,区域
桂AQ1392,天鹅湖,2021-06-07 13:36:00,区域
湘AJ9670,天鹅湖,2021-06-07 13:36:00,区域
桂N55206,袁木桂,2021-06-07 13:33:00,区域
桂P23316,袁木桂,2021-06-07 13:33:00,区域
桂D28429,天鹅湖,2021-06-07 13:33:00,区域
桂D28429,袁木桂,2021-06-07 13:31:00,区域
辽P27070,天鹅湖,2021-06-07 13:31:00,区域
桂AE6336,天鹅湖,2021-06-07 13:30:00,区域
桂P21882,袁木桂,2021-06-07 13:29:00,区域
桂KY2207,天鹅湖,2021-06-07 13:27:00,区域
桂P87698,天鹅湖,2021-06-07 13:25:00,区域
桂P21882,天鹅湖,2021-06-07 13:25:00,区域
桂P11269,天鹅湖,2021-06-07 13:24:00,区域
赣CH9037,天鹅湖,2021-06-07 13:23:00,区域
桂P11269,袁木桂,2021-06-07 13:22:00,区域
桂KK2671,天鹅湖,2021-06-07 13:19:00,区域
桂KB1970,袁木桂,2021-06-07 13:18:00,区域
桂E58105,袁木桂,2021-06-07 13:16:00,区域
桂KB1970,天鹅湖,2021-06-07 13:16:00,区域
鲁Q6573H,袁木桂,2021-06-07 13:13:00,区域
桂P13081,天鹅湖,2021-06-07 13:13:00,区域
桂P26678,天鹅湖,2021-06-07 13:12:00,区域
吉CH1708,天鹅湖,2021-06-07 13:12:00,区域
桂P21809,袁木桂,2021-06-07 13:11:00,区域
鲁Q9717H,天鹅湖,2021-06-07 13:08:00,区域
桂P15956,袁木桂,2021-06-07 13:07:00,区域
桂P81085,天鹅湖,2021-06-07 13:07:00,区域
桂E05939,天鹅湖,2021-06-07 13:07:00,区域
桂K96762,天鹅湖,2021-06-07 13:06:00,区域
桂AS1882,天鹅湖,2021-06-07 13:06:00,区域
赣K66833,袁木桂,2021-06-07 13:05:00,区域
桂P85016,袁木桂,2021-06-07 13:04:00,区域
鲁Q259DB,袁木桂,2021-06-07 13:04:00,区域
桂P15956,天鹅湖,2021-06-07 13:04:00,区域
桂P07668,袁木桂,2021-06-07 13:03:00,区域
桂P85533,天鹅湖,2021-06-07 13:03:00,区域
桂NB3352,天鹅湖,2021-06-07 13:03:00,区域
桂P07668,天鹅湖,2021-06-07 13:01:00,区域
桂N27962,袁木桂,2021-06-07 13:00:00,区域
桂KB8991,袁木桂,2021-06-07 12:59:00,区域
桂N55206,天鹅湖,2021-06-07 12:59:00,区域
桂N27962,天鹅湖,2021-06-07 12:57:00,区域
鲁PH1203,天鹅湖,2021-06-07 12:55:00,区域
桂E58105,天鹅湖,2021-06-07 12:52:00,区域
鲁FAM870,袁木桂,2021-06-07 12:50:00,区域
桂AE0515,天鹅湖,2021-06-07 12:50:00,区域
豫J91292,天鹅湖,2021-06-07 12:50:00,区域
桂N61066,天鹅湖,2021-06-07 12:48:00,区域
豫GB8991,天鹅湖,2021-06-07 12:48:00,区域
鲁FAM870,天鹅湖,2021-06-07 12:48:00,区域
桂N61066,袁木桂,2021-06-07 12:45:00,区域
桂KL9280,富民,2021-06-07 12:45:00,区域
桂P21599,天鹅湖,2021-06-07 12:45:00,区域
桂KL9280,天鹅湖,2021-06-07 12:43:00,区域
桂P28329,富民,2021-06-07 12:37:00,区域
豫A1870R,富民,2021-06-07 12:37:00,区域
冀ER8579,富民,2021-06-07 12:36:00,区域
桂KV2137,富民,2021-06-07 12:35:00,区域
桂P28329,天鹅湖,2021-06-07 12:35:00,区域
桂KB8203,富民,2021-06-07 12:34:00,区域
豫A1870R,天鹅湖,2021-06-07 12:34:00,区域
桂AV6576,富民,2021-06-07 12:33:00,区域
赣C6C681,富民,2021-06-07 12:32:00,区域
桂KB8203,天鹅湖,2021-06-07 12:32:00,区域
桂P21007,天鹅湖,2021-06-07 12:31:00,区域
桂NB3056,天鹅湖,2021-06-07 12:30:00,区域
赣C6C681,天鹅湖,2021-06-07 12:29:00,区域
冀EL8138,天鹅湖,2021-06-07 12:29:00,区域
桂KV2137,天鹅湖,2021-06-07 12:27:00,区域
桂KB8991,天鹅湖,2021-06-07 12:24:00,区域
桂P25259,天鹅湖,2021-06-07 12:23:00,区域
桂N31378,天鹅湖,2021-06-07 12:23:00,区域
鲁Q119GX,富民,2021-06-07 12:20:00,区域
鄂ADV286,富民,2021-06-07 12:19:00,区域
冀D7C815,天鹅湖,2021-06-07 12:19:00,区域
鄂ADV286,天鹅湖,2021-06-07 12:16:00,区域
桂P05197,天鹅湖,2021-06-07 12:16:00,区域
鲁Q119GX,天鹅湖,2021-06-07 12:16:00,区域
桂KJ9922,天鹅湖,2021-06-07 12:15:00,区域
桂AQ1516,富民,2021-06-07 12:14:00,区域
豫LN7777,富民,2021-06-07 12:11:00,区域
桂AQ1516,天鹅湖,2021-06-07 12:10:00,区域
鲁PQ1020,富民,2021-06-07 12:09:00,区域
桂AF8175,富民,2021-06-07 12:09:00,区域
豫LN7777,天鹅湖,2021-06-07 12:09:00,区域
桂P25256,富民,2021-06-07 12:07:00,区域
桂NB5995,天鹅湖,2021-06-07 12:07:00,区域
桂AD7511,天鹅湖,2021-06-07 12:07:00,区域
桂AF8175,天鹅湖,2021-06-07 12:07:00,区域
桂P20969,天鹅湖,2021-06-07 12:06:00,区域
桂AD7511,富民,2021-06-07 12:05:00,区域
桂P25256,天鹅湖,2021-06-07 12:05:00,区域
鲁Q278AP,富民,2021-06-07 12:04:00,区域
桂P20939,富民,2021-06-07 11:55:00,区域
鲁VL5186,富民,2021-06-07 11:55:00,区域
豫LJ1722,天鹅湖,2021-06-07 11:55:00,区域
桂P20939,天鹅湖,2021-06-07 11:53:00,区域
鲁VL5186,天鹅湖,2021-06-07 11:53:00,区域
桂P06169,天鹅湖,2021-06-07 11:52:00,区域
桂P19959,天鹅湖,2021-06-07 11:51:00,区域
桂P21812,传奇,2021-06-07 11:47:00,区域
粤BMZ550,富民,2021-06-07 11:46:00,区域
桂P21812,天鹅湖,2021-06-07 11:45:00,区域
粤BMZ550,天鹅湖,2021-06-07 11:44:00,区域
桂P81716,富民,2021-06-07 11:43:00,区域
桂KR7845,富民,2021-06-07 11:41:00,区域
桂P81716,天鹅湖,2021-06-07 11:41:00,区域
皖CC7093,富民,2021-06-07 11:38:00,区域
桂KR7845,天鹅湖,2021-06-07 11:38:00,区域
皖CC7093,天鹅湖,2021-06-07 11:33:00,区域
鲁QH7180,天鹅湖,2021-06-07 11:30:00,区域
桂P08539,富民,2021-06-07 11:29:00,区域
桂NB2879,传奇,2021-06-07 11:27:00,区域
豫RCR872,富民,2021-06-07 11:20:00,区域
粤BFN935,富民,2021-06-07 11:15:00,区域
桂AW9777,富民,2021-06-07 11:14:00,区域
苏CDV829,富民,2021-06-07 11:09:00,区域
川K69175,富民,2021-06-07 10:58:00,区域
桂P58929,富民,2021-06-07 10:57:00,区域
渝BX0220,富民,2021-06-07 10:51:00,区域
桂AZ7723,富民,2021-06-07 10:49:00,区域
豫J97652,富民,2021-06-07 10:46:00,区域
辽HE1253,富民,2021-06-07 10:44:00,区域
桂E28023,区域三,2021-06-07 10:39:00,区域
桂AW3219,区域三,2021-06-07 10:33:00,区域
鲁PM9096,区域三,2021-06-07 10:30:00,区域
桂E22186,区域三,2021-06-07 10:30:00,区域
桂AN8788,区域三,2021-06-07 10:29:00,区域
沪EF3503,区域三,2021-06-07 10:27:00,区域
桂P21097,区域三,2021-06-07 10:26:00,区域
桂P21087,区域三,2021-06-07 10:26:00,区域
桂NC6625,区域三,2021-06-07 10:25:00,区域
豫NC7327,区域三,2021-06-07 10:25:00,区域
晋M83186,区域三,2021-06-07 10:20:00,区域
云F71937,区域三,2021-06-07 10:12:00,区域
桂NB7961,区域三,2021-06-07 10:11:00,区域
桂P21050,区域三,2021-06-07 10:09:00,区域
桂K26802,区域三,2021-06-07 10:01:00,区域
粤G46157,区域三,2021-06-07 10:01:00,区域
桂KK1878,区域三,2021-06-07 09:52:00,区域
桂KW8128,传奇,2021-06-07 09:39:00,区域
粤BGR769,区域三,2021-06-07 09:39:00,区域
桂KG5269,区域三,2021-06-07 09:37:00,区域
桂KB6735,区域三,2021-06-07 09:34:00,区域
桂E62089,区域三,2021-06-07 09:28:00,区域
鲁Q297JT,区域三,2021-06-07 09:23:00,区域
苏CHM306,区域三,2021-06-07 09:23:00,区域
豫L8A699,区域三,2021-06-07 09:22:00,区域
鲁PN8227,区域三,2021-06-07 09:21:00,区域
桂KL5352,区域三,2021-06-07 09:19:00,区域
桂P87660,区域三,2021-06-07 09:16:00,区域
桂P86939,区域三,2021-06-07 09:07:00,区域
赣CQ9993,传奇,2021-06-07 09:01:00,区域
豫JB0992,区域三,2021-06-07 08:55:00,区域
鲁Q665DB,区域三,2021-06-07 08:54:00,区域
皖KS5068,区域三,2021-06-07 08:53:00,区域
桂D23159,区域三,2021-06-07 08:42:00,区域
豫A9928J,区域三,2021-06-07 08:39:00,区域
冀T85065,区域三,2021-06-07 08:37:00,区域
桂AW5857,区域三,2021-06-07 08:36:00,区域
桂N39983,区域三,2021-06-07 08:35:00,区域
桂N98287,区域三,2021-06-07 08:20:00,区域
桂P13126,区域三,2021-06-07 08:11:00,区域
鲁Q007BL,区域三,2021-06-07 08:05:00,区域
浙B0L206,区域三,2021-06-07 07:52:00,区域
桂N15715,区域三,2021-06-07 07:51:00,区域
津AZ5379,区域三,2021-06-07 07:46:00,区域
赣D65850,区域三,2021-06-07 07:35:00,区域
鲁FDW678,区域三,2021-06-07 07:31:00,区域
鄂APV562,区域三,2021-06-07 07:08:00,区域
桂F00309,区域三,2021-06-07 07:08:00,区域
鲁Q620EU,区域三,2021-06-07 07:06:00,区域
桂P51616,区域三,2021-06-07 07:04:00,区域
桂P19856,区域三,2021-06-07 07:04:00,区域
桂AF8672,区域三,2021-06-07 07:01:00,区域
鲁FBZ639,区域三,2021-06-07 06:45:00,区域
鲁PS2556,区域三,2021-06-07 06:44:00,区域
皖KQ7823,区域三,2021-06-07 06:37:00,区域
桂P18801,区域三,2021-06-07 06:36:00,区域
桂P26613,区域三,2021-06-07 06:33:00,区域
桂P09385,区域三,2021-06-07 06:29:00,区域
黑AN5718,区域三,2021-06-07 06:27:00,区域
鲁V35368,区域三,2021-06-07 06:22:00,区域
桂NB2879,区域三,2021-06-07 06:13:00,区域
桂P25833,区域三,2021-06-07 06:10:00,区域
辽HP9618,区域三,2021-06-07 06:10:00,区域
粤GM8850,区域三,2021-06-07 06:03:00,区域
桂P80178,区域三,2021-06-07 05:43:00,区域
桂P12915,区域三,2021-06-07 05:36:00,区域
鲁PV9168,区域三,2021-06-07 05:32:00,区域
桂P26129,区域三,2021-06-07 05:31:00,区域
桂P26158,区域三,2021-06-07 05:31:00,区域
桂P15888,区域三,2021-06-07 05:25:00,区域
豫D98609,区域三,2021-06-07 05:20:00,区域
桂KK3320,区域三,2021-06-07 04:47:00,区域
桂P10539,区域三,2021-06-07 04:06:00,区域
桂N97576,区域三,2021-06-07 03:48:00,区域
桂AE2957,区域三,2021-06-07 03:35:00,区域
桂K38897,区域三,2021-06-07 03:05:00,区域
桂P28223,区域三,2021-06-07 02:59:00,区域
桂AM3808,区域三,2021-06-07 02:16:00,区域
桂P10866,区域三,2021-06-07 01:34:00,区域
桂N28788,区域三,2021-06-07 00:46:00,区域
桂P28255,区域三,2021-06-07 00:34:00,区域
桂KA9075,区域三,2021-06-07 00:09:00,区域
桂K26193,区域三,2021-06-06 23:56:00,区域
鲁PR6328,区域三,2021-06-06 23:52:00,区域
桂KP5025,富民,2021-06-06 23:36:00,区域
桂NB6505,富民,2021-06-06 23:30:00,区域
赣C6529W,富民,2021-06-06 23:24:00,区域
桂KK2833,富民,2021-06-06 23:23:00,区域
鲁QD8356,富民,2021-06-06 23:22:00,区域
桂P13011,富民,2021-06-06 23:06:00,区域
桂NC3518,富民,2021-06-06 22:39:00,区域
赣C5349U,富民,2021-06-06 22:34:00,区域
桂P32569,富民,2021-06-06 22:29:00,区域
桂KB2721,富民,2021-06-06 22:25:00,区域
桂P20713,富民,2021-06-06 22:22:00,区域
桂P11267,富民,2021-06-06 22:04:00,区域
晋KH171X,富民,2021-06-06 22:01:00,区域
辽ACF918,富民,2021-06-06 22:01:00,区域
冀A480AU,富民,2021-06-06 21:29:00,区域
沪DT0180,富民,2021-06-06 21:18:00,区域
桂P20129,富民,2021-06-06 21:16:00,区域
桂P15559,富民,2021-06-06 21:16:00,区域
桂E61682,富民,2021-06-06 20:46:00,区域
桂P12155,富民,2021-06-06 20:30:00,区域
豫RR7557,富民,2021-06-06 20:22:00,区域
桂P26126,富民,2021-06-06 20:10:00,区域
桂N28273,富民,2021-06-06 20:00:00,区域
桂P26718,富民,2021-06-06 19:38:00,区域
桂P21633,富民,2021-06-06 19:35:00,区域
桂P26189,富民,2021-06-06 19:29:00,区域
苏GR5519,富民,2021-06-06 19:28:00,区域
桂P25236,富民,2021-06-06 19:23:00,区域
豫K26999,富民,2021-06-06 19:20:00,区域
桂KR5713,富民,2021-06-06 19:20:00,区域
鲁PL4456,富民,2021-06-06 19:10:00,区域
鲁PQ0766,富民,2021-06-06 19:02:00,区域
桂AA2731,富民,2021-06-06 18:39:00,区域
桂P26650,富民,2021-06-06 18:26:00,区域
赣CH3419,富民,2021-06-06 18:16:00,区域
闽AR2732,富民,2021-06-06 18:12:00,区域
桂K32602,富民,2021-06-06 18:11:00,区域
鲁PM7633,富民,2021-06-06 18:05:00,区域
桂AE2788,富民,2021-06-06 18:02:00,区域
桂AB8183,富民,2021-06-06 18:01:00,区域
桂P18638,富民,2021-06-06 17:58:00,区域
桂K77825,区域三,2021-06-06 17:55:00,区域
鄂AAA262,区域三,2021-06-06 17:52:00,区域
桂P16632,区域三,2021-06-06 17:50:00,区域
桂P19836,区域三,2021-06-06 17:44:00,区域
豫LN7388,区域三,2021-06-06 17:38:00,区域
冀EH2122,区域三,2021-06-06 17:35:00,区域
冀A3840W,区域三,2021-06-06 17:32:00,区域
桂P21812,区域三,2021-06-06 17:30:00,区域
沪EQ8535,区域三,2021-06-06 17:29:00,区域
鲁PU7603,区域三,2021-06-06 17:26:00,区域
桂P06598,区域三,2021-06-06 17:25:00,区域
赣CC4986,区域三,2021-06-06 17:22:00,区域
桂KP4419,区域三,2021-06-06 17:20:00,区域
桂P18913,区域三,2021-06-06 17:19:00,区域
桂P86969,区域三,2021-06-06 17:18:00,区域
苏JQ1536,区域三,2021-06-06 17:13:00,区域
鲁H33L07,区域三,2021-06-06 17:12:00,区域
辽ABL606,区域三,2021-06-06 17:11:00,区域
湘N66108,区域三,2021-06-06 17:08:00,区域
桂N96116,区域三,2021-06-06 17:02:00,区域
鲁Q970EY,区域三,2021-06-06 16:58:00,区域
桂P02668,区域三,2021-06-06 16:56:00,区域
桂P82198,区域三,2021-06-06 16:54:00,区域
鲁FBA667,富民,2021-06-06 16:54:00,区域
桂NC1368,富民,2021-06-06 16:50:00,区域
桂AA8532,富民,2021-06-06 16:50:00,区域
辽ACY329,富民,2021-06-06 16:48:00,区域
湘J38998,富民,2021-06-06 16:47:00,区域
鲁FBL982,富民,2021-06-06 16:42:00,区域
桂P26118,富民,2021-06-06 16:42:00,区域
桂P03082,富民,2021-06-06 16:34:00,区域
浙J26303,富民,2021-06-06 16:32:00,区域
桂P05359,富民,2021-06-06 16:30:00,区域
鲁PN3729,富民,2021-06-06 16:21:00,区域
桂P09356,富民,2021-06-06 16:20:00,区域
桂P01990,富民,2021-06-06 16:18:00,区域
桂P22337,富民,2021-06-06 16:15:00,区域
桂P87888,富民,2021-06-06 16:09:00,区域
辽GH8692,富民,2021-06-06 16:08:00,区域
桂AD9691,富民,2021-06-06 16:07:00,区域
鲁Q128DG,富民,2021-06-06 16:05:00,区域
桂P13115,富民,2021-06-06 16:01:00,区域
桂P13152,富民,2021-06-06 16:01:00,区域
鲁NE0541,富民,2021-06-06 16:01:00,区域
桂K76778,传奇,2021-06-06 15:59:00,区域
桂K76778,富民,2021-06-06 15:56:00,区域
鲁FCP102,富民,2021-06-06 15:55:00,区域
桂P18832,富民,2021-06-06 15:51:00,区域
鲁Q376DH,富民,2021-06-06 15:50:00,区域
桂KR6268,富民,2021-06-06 15:48:00,区域
桂P12018,富民,2021-06-06 15:47:00,区域
辽HE2331,富民,2021-06-06 15:46:00,区域
苏MAA935,富民,2021-06-06 15:44:00,区域
粤TA4120,富民,2021-06-06 15:39:00,区域
苏NEG832,富民,2021-06-06 15:37:00,区域
桂P02571,富民,2021-06-06 15:36:00,区域
桂P86689,富民,2021-06-06 15:34:00,区域
桂P81999,富民,2021-06-06 15:28:00,区域
苏CKZ725,富民,2021-06-06 15:25:00,区域
桂P20828,富民,2021-06-06 15:22:00,区域
鲁FW0693,富民,2021-06-06 15:21:00,区域
桂C20839,区域三,2021-06-06 15:16:00,区域
桂P11321,区域三,2021-06-06 15:09:00,区域
桂AQ3299,区域三,2021-06-06 15:09:00,区域
桂KZ2837,区域三,2021-06-06 15:07:00,区域
桂K10065,区域三,2021-06-06 15:04:00,区域
赣C5521X,区域三,2021-06-06 14:56:00,区域
桂P29555,区域三,2021-06-06 14:50:00,区域
桂P87889,区域三,2021-06-06 14:49:00,区域
桂N85018,区域三,2021-06-06 14:48:00,区域
桂N99881,区域三,2021-06-06 14:45:00,区域
辽BHC781,区域三,2021-06-06 14:41:00,区域
桂KL5398,区域三,2021-06-06 14:40:00,区域
鲁PN9669,区域三,2021-06-06 14:38:00,区域
桂P12885,区域三,2021-06-06 14:38:00,区域
湘AB8390,区域三,2021-06-06 14:37:00,区域
鲁PV9073,区域三,2021-06-06 14:35:00,区域
豫K14855,区域三,2021-06-06 14:28:00,区域
豫LK3883,区域三,2021-06-06 14:24:00,区域
桂NB2888,区域三,2021-06-06 14:23:00,区域
桂KJ0901,区域三,2021-06-06 14:15:00,区域
鲁PQ2369,区域三,2021-06-06 14:14:00,区域
苏CJE167,区域三,2021-06-06 14:13:00,区域
桂E16765,区域三,2021-06-06 14:09:00,区域
桂P06398,富民,2021-06-06 14:08:00,区域
桂AF0918,富民,2021-06-06 14:05:00,区域
桂K78036,富民,2021-06-06 13:59:00,区域
桂P85129,富民,2021-06-06 13:57:00,区域
豫A1325G,富民,2021-06-06 13:50:00,区域
桂P21528,富民,2021-06-06 13:47:00,区域
桂P11178,富民,2021-06-06 13:42:00,区域
赣CQ9106,富民,2021-06-06 13:40:00,区域
粤GR8605,富民,2021-06-06 13:34:00,区域
桂P13918,富民,2021-06-06 13:34:00,区域
桂P87890,富民,2021-06-06 13:32:00,区域
桂P10036,富民,2021-06-06 13:32:00,区域
辽J31887,富民,2021-06-06 13:30:00,区域
桂P25279,富民,2021-06-06 13:26:00,区域
冀ET9576,富民,2021-06-06 13:23:00,区域
鲁Q510LN,富民,2021-06-06 13:23:00,区域
桂K72797,富民,2021-06-06 13:23:00,区域
桂K73137,富民,2021-06-06 13:15:00,区域
桂KK3608,富民,2021-06-06 13:12:00,区域
桂P82873,富民,2021-06-06 13:12:00,区域
桂AS1882,富民,2021-06-06 13:09:00,区域
桂KU7651,富民,2021-06-06 13:09:00,区域
黑AS9623,富民,2021-06-06 13:03:00,区域
桂K65813,富民,2021-06-06 12:59:00,区域
桂P80087,富民,2021-06-06 12:58:00,区域
桂N91330,富民,2021-06-06 12:54:00,区域
皖LC5004,富民,2021-06-06 12:54:00,区域
桂P16916,富民,2021-06-06 12:50:00,区域
陕AW6921,富民,2021-06-06 12:50:00,区域
桂P12011,传奇,2021-06-06 12:46:00,区域
桂C15127,传奇,2021-06-06 12:46:00,区域
桂P52623,富民,2021-06-06 12:44:00,区域
辽FL8609,富民,2021-06-06 12:44:00,区域
桂AF0890,富民,2021-06-06 12:39:00,区域
苏M30223,富民,2021-06-06 12:39:00,区域
冀A4873U,富民,2021-06-06 12:34:00,区域
桂P06169,富民,2021-06-06 12:31:00,区域
皖LC5208,富民,2021-06-06 12:30:00,区域
桂P17918,富民,2021-06-06 12:29:00,区域
桂N63998,富民,2021-06-06 12:21:00,区域
桂P08961,富民,2021-06-06 12:17:00,区域
桂AQ1392,富民,2021-06-06 12:17:00,区域
桂KA6855,富民,2021-06-06 12:17:00,区域
鲁FCB977,富民,2021-06-06 12:16:00,区域
桂P87893,富民,2021-06-06 12:16:00,区域
鲁RQ1808,富民,2021-06-06 12:11:00,区域
桂AD8509,富民,2021-06-06 12:10:00,区域
桂KC0285,富民,2021-06-06 12:10:00,区域
桂P82803,富民,2021-06-06 12:09:00,区域
桂AP8292,富民,2021-06-06 12:06:00,区域
桂P85386,富民,2021-06-06 12:06:00,区域
粤G47669,富民,2021-06-06 12:05:00,区域
苏CWD303,富民,2021-06-06 12:02:00,区域
鄂ARS597,富民,2021-06-06 12:01:00,区域
赣M98126,富民,2021-06-06 11:59:00,区域
桂P82332,富民,2021-06-06 11:58:00,区域
桂AF3709,富民,2021-06-06 11:55:00,区域
桂P21000,富民,2021-06-06 11:53:00,区域
桂E16919,富民,2021-06-06 11:51:00,区域
桂P07208,传奇,2021-06-06 11:48:00,区域
桂KU1680,富民,2021-06-06 11:46:00,区域
桂N53953,富民,2021-06-06 11:45:00,区域
桂K38575,富民,2021-06-06 11:33:00,区域
桂KV3818,富民,2021-06-06 11:27:00,区域
鲁YC7769,区域三,2021-06-06 11:26:00,区域
桂KY9016,区域三,2021-06-06 11:21:00,区域
桂NB2285,区域三,2021-06-06 11:19:00,区域
桂KK0316,区域三,2021-06-06 11:19:00,区域
豫LJ0983,区域三,2021-06-06 11:18:00,区域
鲁Q01H68,区域三,2021-06-06 11:15:00,区域
桂AF5267,区域三,2021-06-06 11:08:00,区域
桂P21078,区域三,2021-06-06 11:04:00,区域
桂KF3192,区域三,2021-06-06 10:58:00,区域
桂E78635,区域三,2021-06-06 10:57:00,区域
豫PM0359,区域三,2021-06-06 10:51:00,区域
桂P50069,区域三,2021-06-06 10:40:00,区域
皖AG3667,区域三,2021-06-06 10:39:00,区域
桂N53817,区域三,2021-06-06 10:27:00,区域
桂RB3283,区域三,2021-06-06 10:26:00,区域
桂E29892,区域三,2021-06-06 10:25:00,区域
鄂AMS188,区域三,2021-06-06 10:24:00,区域
桂E17339,区域三,2021-06-06 10:23:00,区域
桂P20735,区域三,2021-06-06 10:21:00,区域
桂KH3722,区域三,2021-06-06 10:19:00,区域
桂P87616,区域三,2021-06-06 10:14:00,区域
辽J62166,区域三,2021-06-06 10:13:00,区域
豫FB2063,区域三,2021-06-06 10:12:00,区域
桂C15127,富民,2021-06-06 10:05:00,区域
桂BK2669,富民,2021-06-06 10:04:00,区域
桂P22738,区域三,2021-06-06 10:00:00,区域
桂AV1602,富民,2021-06-06 09:59:00,区域
桂P25259,富民,2021-06-06 09:58:00,区域
桂KR7133,富民,2021-06-06 09:57:00,区域
闽AG3200,富民,2021-06-06 09:55:00,区域
桂P87229,富民,2021-06-06 09:47:00,区域
桂KK1807,富民,2021-06-06 09:46:00,区域
桂P19118,富民,2021-06-06 09:43:00,区域
桂KY2013,富民,2021-06-06 09:33:00,区域
桂P05593,富民,2021-06-06 09:32:00,区域
桂P87680,富民,2021-06-06 09:32:00,区域
桂P87819,富民,2021-06-06 09:32:00,区域
桂P21007,富民,2021-06-06 09:22:00,区域
桂AP8775,富民,2021-06-06 09:20:00,区域
桂P12137,富民,2021-06-06 09:19:00,区域
桂P86918,富民,2021-06-06 09:18:00,区域
桂AV6879,富民,2021-06-06 09:17:00,区域
桂NB7379,富民,2021-06-06 09:15:00,区域
赣C0089D,富民,2021-06-06 09:12:00,区域
桂AN6253,富民,2021-06-06 09:11:00,区域
桂P87867,富民,2021-06-06 09:09:00,区域
辽MQ8963,富民,2021-06-06 09:05:00,区域
鲁Q893JY,富民,2021-06-06 09:00:00,区域
桂NB6716,富民,2021-06-06 08:57:00,区域
桂NB1775,富民,2021-06-06 08:54:00,区域
桂AC8573,传奇,2021-06-06 08:51:00,区域
豫A1357N,富民,2021-06-06 08:50:00,区域
鲁GP5630,富民,2021-06-06 08:42:00,区域
桂P28882,富民,2021-06-06 08:42:00,区域
桂P11266,富民,2021-06-06 08:39:00,区域
桂P11589,富民,2021-06-06 08:38:00,区域
鲁FBV737,富民,2021-06-06 08:33:00,区域
桂P81386,富民,2021-06-06 08:07:00,区域
桂NC9668,富民,2021-06-06 08:04:00,区域
桂P81890,富民,2021-06-06 08:03:00,区域
桂P21028,传奇,2021-06-06 08:01:00,区域
豫BZS999,富民,2021-06-06 07:56:00,区域
桂AS9028,富民,2021-06-06 07:53:00,区域
桂P26767,富民,2021-06-06 07:52:00,区域
桂N67281,富民,2021-06-06 07:52:00,区域
桂P12950,富民,2021-06-06 07:51:00,区域
桂P12139,富民,2021-06-06 07:45:00,区域
桂P27186,富民,2021-06-06 07:38:00,区域
桂P01388,区域四,2021-06-06 07:37:00,区域
桂AZ8050,传奇,2021-06-06 07:36:00,区域
桂N99650,区域四,2021-06-06 07:34:00,区域
赣A30625,区域四,2021-06-06 07:32:00,区域
桂AV1377,区域四,2021-06-06 07:31:00,区域
桂P87268,区域四,2021-06-06 07:30:00,区域
桂N31363,区域四,2021-06-06 07:24:00,区域
鲁PQ2320,区域四,2021-06-06 07:20:00,区域
桂P09256,区域四,2021-06-06 07:18:00,区域
赣F69555,区域四,2021-06-06 07:17:00,区域
鲁Q098JC,区域四,2021-06-06 07:13:00,区域
桂P21028,区域四,2021-06-06 07:11:00,区域
皖LD7786,区域四,2021-06-06 07:07:00,区域
桂P50122,区域四,2021-06-06 07:03:00,区域
桂P05007,区域四,2021-06-06 07:02:00,区域
桂P82725,区域四,2021-06-06 07:01:00,区域
桂AY1819,区域四,2021-06-06 06:46:00,区域
桂BA0733,区域四,2021-06-06 06:37:00,区域
桂AF7051,区域四,2021-06-06 06:29:00,区域
桂N82789,区域四,2021-06-06 05:49:00,区域
桂P21815,区域四,2021-06-06 04:59:00,区域
桂P07153,区域四,2021-06-06 04:51:00,区域
桂KL6130,区域四,2021-06-06 04:42:00,区域
桂AY0627,区域四,2021-06-06 04:30:00,区域
鄂D29780,区域四,2021-06-06 02:55:00,区域
桂N95772,区域四,2021-06-06 02:38:00,区域
桂P26685,区域四,2021-06-06 02:06:00,区域
桂AQ9518,区域四,2021-06-06 01:40:00,区域
粤GM7831,区域四,2021-06-06 01:40:00,区域
粤BFQ053,区域四,2021-06-06 01:21:00,区域
桂P87696,富民,2021-06-06 01:17:00,区域
桂P25855,富民,2021-06-06 00:54:00,区域
冀A5559H,富民,2021-06-06 00:49:00,区域
冀A8172W,富民,2021-06-06 00:49:00,区域
赣C2527W,富民,2021-06-06 00:26:00,区域
鲁FBS795,富民,2021-06-06 00:18:00,区域
鲁H02Z66,富民,2021-06-06 00:07:00,区域
冀EU9723,富民,2021-06-06 00:02:00,区域
桂P05783,富民,2021-06-06 00:01:00,区域
桂P28269,富民,2021-06-06 00:01:00,区域
鲁PT9953,富民,2021-06-06 00:00:00,区域
桂P28211,富民,2021-06-06 00:00:00,区域
桂N97357,富民,2021-06-06 00:00:00,区域
鲁Q7582H,传奇,2021-06-05 22:04:00,区域
桂N60995,传奇,2021-06-05 20:35:00,区域
桂P82875,传奇,2021-06-05 20:21:00,区域
冀FT6844,传奇,2021-06-05 20:01:00,区域
桂N61579,传奇,2021-06-05 16:35:00,区域
桂N37896,传奇,2021-06-05 15:12:00,区域
桂R07288,传奇,2021-06-04 22:00:00,区域
桂P27131,传奇,2021-06-04 18:06:00,区域
桂P10738,传奇,2021-06-04 15:44:00,区域
桂P82322,传奇,2021-06-04 14:48:00,区域
桂P08035,传奇,2021-06-04 13:15:00,区域
桂P81085,传奇,2021-06-04 10:11:00,区域
桂NB6766,传奇,2021-06-04 09:56:00,区域
桂P81777,传奇,2021-06-04 07:52:00,区域
桂P21050,传奇,2021-06-03 23:46:00,区域
桂AP3888,传奇,2021-06-03 20:59:00,区域
辽BHD318,袁木桂,2021-06-03 19:38:00,区域
桂P17918,传奇,2021-06-03 16:53:00,区域
桂N88382,传奇,2021-06-03 14:23:00,区域
桂NB9950,传奇,2021-06-03 13:09:00,区域
桂AC0879,传奇,2021-06-03 11:09:00,区域
桂AF0892,传奇,2021-06-03 11:04:00,区域
桂AW0336,传奇,2021-06-03 10:58:00,区域
桂K56152,传奇,2021-06-02 19:05:00,区域
桂AX3252,传奇,2021-06-02 17:48:00,区域
桂KA3977,传奇,2021-06-02 17:38:00,区域
桂P21298,传奇,2021-06-02 15:54:00,区域
赣CX8228,袁木桂,2021-06-02 14:03:00,区域
桂P28158,传奇,2021-06-02 13:48:00,区域
桂NB6319,传奇,2021-06-02 13:33:00,区域
桂N88662,传奇,2021-06-02 13:12:00,区域
桂P21078,传奇,2021-06-02 12:53:00,区域
桂P21882,传奇,2021-06-02 11:38:00,区域
桂KL6139,传奇,2021-06-02 11:19:00,区域
桂AD9958,传奇,2021-06-02 07:40:00,区域
桂P21159,传奇,2021-06-02 06:28:00,区域
桂P08817,传奇,2021-06-02 01:46:00,区域
桂P09192,传奇,2021-06-01 21:26:00,区域
桂P81813,传奇,2021-06-01 20:20:00,区域
桂P20258,传奇,2021-06-01 17:28:00,区域
桂N86611,传奇,2021-06-01 15:36:00,区域
辽BM6758,传奇,2021-06-01 13:45:00,区域
桂NB5529,传奇,2021-06-01 12:30:00,区域
桂K29523,传奇,2021-06-01 12:13:00,区域
桂P21885,传奇,2021-06-01 12:03:00,区域
桂AV9553,袁木桂,2021-06-01 09:35:00,区域
桂P20719,传奇,2021-06-01 09:21:00,区域
桂P81391,传奇,2021-06-01 08:53:00,区域
桂P21891,传奇,2021-06-01 08:46:00,区域
桂P87889,传奇,2021-06-01 07:43:00,区域
桂P13022,传奇,2021-06-01 06:59:00,区域
桂P28269,传奇,2021-06-01 00:02:00,区域
