车牌号,区域,进区域时间
桂FB1360,富民商贸615,2021/6/14 23:01
冀A293E1,富民商贸615,2021/6/14 21:44
鲁QH6630,富民商贸615,2021/6/14 20:50
赣D18340,富民商贸615,2021/6/14 19:01
吉C4G488,富民商贸615,2021/6/14 18:30
鲁PH5066,富民商贸615,2021/6/14 18:24
鲁PH7317,富民商贸615,2021/6/14 18:12
鲁Q500JG,富民商贸615,2021/6/14 17:42
豫LF8833,富民商贸615,2021/6/14 17:28
闽AR0851,富民商贸615,2021/6/14 17:22
桂AA8532,富民商贸615,2021/6/14 17:14
鲁PT2186,富民商贸615,2021/6/14 17:13
皖C83227,富民商贸615,2021/6/14 17:08
赣A30625,富民商贸615,2021/6/14 17:03
鲁Q117JN,富民商贸615,2021/6/14 17:00
粤BHC599,区域四,2021/6/14 16:54
鲁H01L50,区域四,2021/6/14 16:41
辽HA5306,区域四,2021/6/14 16:34
鲁YC7793,区域四,2021/6/14 16:19
辽GK8565,区域四,2021/6/14 16:09
桂P06501,区域四,2021/6/14 15:46
皖KS6750,区域四,2021/6/14 15:35
桂AQ1813,区域四,2021/6/14 15:35
桂E56630,区域四,2021/6/14 15:34
鲁FBK087,区域四,2021/6/14 15:16
辽BHJ820,区域四,2021/6/14 15:08
鲁FAS559,区域四,2021/6/14 15:06
陕AQ7050,区域四,2021/6/14 15:04
鲁FA7992,区域四,2021/6/14 14:38
豫NS5071,区域四,2021/6/14 14:36
桂P20969,区域四,2021/6/14 14:28
辽FL7157,区域四,2021/6/14 13:11
豫NM2210,区域四,2021/6/14 13:01
鲁NY2783,区域四,2021/6/14 12:50
浙G51137,区域四,2021/6/14 11:53
桂K18960,区域四,2021/6/14 11:53
冀C98178,区域四,2021/6/14 11:36
粤BHK627,区域四,2021/6/14 11:32
鲁Q703LE,区域四,2021/6/14 11:22
苏ERM671,区域四,2021/6/14 11:07
湘J35929,区域四,2021/6/14 10:48
桂KV1010,区域四,2021/6/14 10:47
冀A918V6,区域四,2021/6/13 23:56
桂NC3518,区域四,2021/6/13 22:55
鲁Q7510H,区域四,2021/6/13 22:23
豫A7786P,区域四,2021/6/13 21:06
桂P26769,区域四,2021/6/13 20:31
豫U78600,区域四,2021/6/13 18:34
鲁FAA857,区域四,2021/6/13 18:16
鲁UR8011,区域四,2021/6/13 18:11
鲁FBF577,区域四,2021/6/13 17:12
桂K13430,区域四,2021/6/13 17:08
闽C95023,区域四,2021/6/13 17:07
桂AP2189,区域四,2021/6/13 16:34
桂KL6802,区域四,2021/6/13 15:56
吉H96777,区域四,2021/6/13 15:50
辽HK7080,区域四,2021/6/13 15:43
皖KP0826,区域四,2021/6/13 15:19
桂K38230,区域四,2021/6/13 15:18
鄂FNP636,区域四,2021/6/13 15:16
闽A5M720,区域四,2021/6/13 15:00
鲁PU8310,区域四,2021/6/13 14:55
津CA6071,区域四,2021/6/13 14:54
鲁UX2688,区域四,2021/6/13 14:21
鲁PN1697,区域四,2021/6/13 14:09
桂KB2970,区域四,2021/6/13 13:48
鲁FBA877,区域四,2021/6/13 13:38
鲁Q6346H,区域四,2021/6/13 12:15
桂KA9179,区域四,2021/6/13 11:47
鲁FAK307,区域四,2021/6/13 11:41
鲁Q278AP,区域四,2021/6/13 11:33
豫RRZ715,区域四,2021/6/13 11:10
沪EG7225,区域四,2021/6/13 11:00
桂P87626,区域四,2021/6/13 10:30
鲁RL7622,区域四,2021/6/13 10:29
皖KP9753,区域四,2021/6/13 10:26
辽HQ3526,区域四,2021/6/13 10:17
鄂AMU798,区域四,2021/6/13 09:41
鲁PQ5136,区域四,2021/6/13 09:37
赣CC4986,富民商贸615,2021/6/13 09:28
桂P18088,富民商贸615,2021/6/13 08:26
鲁PQ9832,富民商贸615,2021/6/12 23:25
桂N60995,富民商贸615,2021/6/12 22:54
川ADJ718,富民商贸615,2021/6/12 22:40
豫K58448,富民商贸615,2021/6/12 21:37
辽J61715,富民商贸615,2021/6/12 20:33
冀A7B512,富民商贸615,2021/6/12 19:05
桂P58669,富民商贸615,2021/6/12 18:42
苏CJW699,富民商贸615,2021/6/12 18:37
桂N96116,富民商贸615,2021/6/12 18:31
湘C77309,富民商贸615,2021/6/12 17:51
豫PR6621,富民商贸615,2021/6/12 17:23
苏F89575,富民商贸615,2021/6/12 17:13
鲁PQ0561,富民商贸615,2021/6/12 16:47
辽BN3308,富民商贸615,2021/6/12 16:37
辽BHP082,富民商贸615,2021/6/12 16:07
皖LB4171,富民商贸615,2021/6/12 15:21
豫NN3193,富民商贸615,2021/6/12 15:00
鲁Q655KV,富民商贸615,2021/6/12 14:44
冀GM5692,富民商贸615,2021/6/12 14:44
鲁FCC357,富民商贸615,2021/6/12 14:27
鲁FAE639,富民商贸615,2021/6/12 14:17
湘AJ2802,富民商贸615,2021/6/12 14:15
辽ACJ249,富民商贸615,2021/6/12 14:07
桂P81516,富民商贸615,2021/6/12 14:01
桂P53698,富民商贸615,2021/6/12 13:58
贵EB1208,富民商贸615,2021/6/12 13:18
辽HK7680,富民商贸615,2021/6/12 12:30
苏CKT176,富民商贸615,2021/6/12 12:26
鲁Q397JD,富民商贸615,2021/6/12 12:10
桂P28158,富民商贸615,2021/6/12 12:02
赣D73596,富民商贸615,2021/6/12 12:00
湘JB1397,富民商贸615,2021/6/12 11:59
桂KR3675,富民商贸615,2021/6/12 11:14
桂N60099,富民商贸615,2021/6/12 11:07
赣K66761,富民商贸615,2021/6/12 11:05
皖S63780,富民商贸615,2021/6/12 11:04
鲁H27J53,富民商贸615,2021/6/12 10:41
鄂AMH538,富民商贸615,2021/6/12 10:34
豫PS6026,富民商贸615,2021/6/12 10:27
桂P18801,富民商贸615,2021/6/12 10:17
冀EH7226,富民商贸615,2021/6/12 10:09
苏CJY751,富民商贸615,2021/6/12 10:05
桂P23386,富民商贸615,2021/6/12 09:11
浙B1U657,富民商贸615,2021/6/12 08:29
豫LH9156,富民商贸615,2021/6/12 08:08
桂ND8930,富民商贸615,2021/6/12 08:02
粤BJJ355,富民商贸615,2021/6/12 07:40
豫PK3579,富民商贸615,2021/6/12 07:15
豫EU9121,富民商贸615,2021/6/11 22:15
辽BHG328,富民商贸615,2021/6/11 21:34
辽HH7891,富民商贸615,2021/6/11 21:18
粤BEH266,富民商贸615,2021/6/11 21:16
豫NV7598,富民商贸615,2021/6/11 21:03
鲁PX7899,富民商贸615,2021/6/11 20:41
鲁PW5183,富民商贸615,2021/6/11 19:59
鲁FBE297,富民商贸615,2021/6/11 18:33
浙B3C780,富民商贸615,2021/6/11 17:50
晋MW1448,富民商贸615,2021/6/11 17:47
鲁GY1788,富民商贸615,2021/6/11 17:31
桂K22710,富民商贸615,2021/6/11 17:28
鲁PP7023,富民商贸615,2021/6/11 17:26
鲁FBV106,富民商贸615,2021/6/11 17:06
鲁FW0096,富民商贸615,2021/6/11 16:54
闽AC9597,富民商贸615,2021/6/11 16:49
鲁FBU072,富民商贸615,2021/6/11 16:41
豫K99062,富民商贸615,2021/6/11 16:18
桂AY5099,富民商贸615,2021/6/11 16:08
豫N38A8D,富民商贸615,2021/6/11 15:59
桂BW1356,富民商贸615,2021/6/11 15:44
桂K15279,富民商贸615,2021/6/11 15:36
浙B2N025,富民商贸615,2021/6/11 15:32
鲁Q762GT,富民商贸615,2021/6/11 15:26
桂E16919,富民商贸615,2021/6/11 14:56
冀EH7066,富民商贸615,2021/6/11 14:54
皖LC2058,富民商贸615,2021/6/11 14:35
冀B7T790,富民商贸615,2021/6/11 14:23
鲁M3E520,富民商贸615,2021/6/11 14:09
鲁UP7698,富民商贸615,2021/6/11 13:26
鲁PU2653,富民商贸615,2021/6/11 12:52
闽AM6308,富民商贸615,2021/6/11 12:46
桂KK1139,富民商贸615,2021/6/11 12:26
鲁MCN878,区域四,2021/6/11 12:20
川ACJ183,区域四,2021/6/11 12:02
豫BXJ816,区域四,2021/6/11 11:54
桂NB7191,区域四,2021/6/11 11:45
桂KY0903,区域四,2021/6/11 11:38
桂AD8509,区域四,2021/6/11 11:34
桂P16922,区域四,2021/6/11 11:32
鲁YC7027,区域四,2021/6/11 11:31
豫JB6362,区域四,2021/6/11 11:16
鲁Q276JG,区域四,2021/6/11 11:16
辽ACF815,区域四,2021/6/11 11:04
辽ACF815,区域四,2021/6/11 10:58
赣C0Q738,区域四,2021/6/11 10:56
桂ND1896,区域四,2021/6/11 10:52
桂ND1896,富民,2021/6/11 10:50
桂ND1896,区域四,2021/6/11 10:47
桂P05593,区域四,2021/6/11 10:46
鲁YC5298,富民,2021/6/11 10:41
鲁Q297JT,区域四,2021/6/11 10:41
吉A5L177,区域四,2021/6/11 10:37
冀AKK679,富民,2021/6/11 10:36
吉A5L177,富民,2021/6/11 10:35
冀AKK679,区域四,2021/6/11 10:32
桂P25278,区域四,2021/6/11 10:30
湘AG1866,区域四,2021/6/11 10:25
浙B1V702,区域四,2021/6/11 10:23
浙B1V702,富民,2021/6/11 10:20
皖SD3337,袁木桂,2021/6/11 10:14
鲁Q603DH,富民,2021/6/11 10:14
皖SD3337,区域四,2021/6/11 10:12
鲁Q603DH,区域四,2021/6/11 10:12
桂P59810,富民,2021/6/11 10:11
鲁PM7107,富民,2021/6/11 10:07
鲁PM7107,区域四,2021/6/11 10:05
桂KK3267,富民,2021/6/11 10:04
浙B0Z325,袁木桂,2021/6/11 09:57
浙B0Z325,区域四,2021/6/11 09:57
粤G54981,区域四,2021/6/11 09:54
桂KK1139,富民,2021/6/11 09:53
桂KB2573,区域四,2021/6/11 09:47
桂KB2573,富民,2021/6/11 09:46
浙B0Z325,区域四,2021/6/11 09:44
桂KR3675,富民,2021/6/11 09:41
桂E61011,区域四,2021/6/11 09:39
桂KR3675,天鹅湖,2021/6/11 09:39
桂MR6510,富民,2021/6/11 09:37
桂N92819,富民,2021/6/11 09:36
桂P02720,富民,2021/6/11 09:34
桂MR6510,天鹅湖,2021/6/11 09:34
桂N92819,天鹅湖,2021/6/11 09:34
桂P23378,天鹅湖,2021/6/11 09:34
桂AP8363,区域四,2021/6/11 09:33
桂K38593,富民,2021/6/11 09:32
桂K38593,天鹅湖,2021/6/11 09:29
粤KP7773,天鹅湖,2021/6/11 09:28
粤KP7773,富民,2021/6/11 09:26
鲁Q877GZ,富民,2021/6/11 09:16
鲁K92589,富民,2021/6/11 09:15
吉A5L177,天鹅湖,2021/6/11 09:13
鲁Q877GZ,天鹅湖,2021/6/11 09:13
鲁K92589,天鹅湖,2021/6/11 09:13
鲁PS5295,富民,2021/6/11 08:58
鲁PS5295,区域四,2021/6/11 08:58
鲁PS5295,天鹅湖,2021/6/11 08:55
桂KU3073,富民,2021/6/11 08:52
桂K29835,天鹅湖,2021/6/11 08:50
晋MW1448,天鹅湖,2021/6/11 08:50
桂N67281,天鹅湖,2021/6/11 08:49
鲁H25L89,富民,2021/6/11 08:39
鲁H25L89,天鹅湖,2021/6/11 08:36
赣C8870W,富民,2021/6/11 08:31
赣C8870W,天鹅湖,2021/6/11 08:29
豫JA6733,区域四,2021/6/11 08:27
豫JA6733,富民,2021/6/11 08:26
桂AQ8379,天鹅湖,2021/6/11 08:24
豫JA6733,天鹅湖,2021/6/11 08:24
川J65222,富民,2021/6/11 08:23
川J65222,天鹅湖,2021/6/11 08:21
桂P12137,天鹅湖,2021/6/11 08:17
晋MU5977,袁木桂,2021/6/11 08:15
桂AX0556,富民,2021/6/11 08:14
桂N61579,富民,2021/6/11 08:12
桂AX0556,区域四,2021/6/11 08:11
晋MU5977,区域四,2021/6/11 08:11
桂P11552,富民,2021/6/11 08:04
桂P11552,区域四,2021/6/11 08:04
桂P85039,区域四,2021/6/11 08:02
桂P87656,区域四,2021/6/11 08:01
桂P11552,区域四,2021/6/11 08:00
桂KL7226,富民,2021/6/11 07:58
桂KL7226,区域四,2021/6/11 07:55
桂K23840,区域四,2021/6/11 07:55
桂P21000,区域四,2021/6/11 07:53
桂N61579,区域四,2021/6/11 07:47
桂AV7806,区域四,2021/6/11 07:43
赣C0566N,富民,2021/6/11 07:32
桂K23840,富民,2021/6/11 07:29
赣C0566N,区域四,2021/6/11 07:26
辽CD3008,富民商贸615,2021/6/11 07:25
辽CD3008,富民,2021/6/11 07:24
辽CD3008,区域四,2021/6/11 07:21
桂P82725,区域四,2021/6/11 07:13
川AAC371,富民,2021/6/11 07:07
川AAC371,区域四,2021/6/11 07:03
桂AE3879,区域四,2021/6/11 06:52
冀EN6653,富民,2021/6/11 06:37
冀EN6653,区域四,2021/6/11 06:36
豫PT6256,区域四,2021/6/11 06:35
赣C0Q738,区域四,2021/6/11 06:17
桂KK1852,富民,2021/6/11 05:55
桂P27138,区域四,2021/6/11 05:50
桂KK1852,区域四,2021/6/11 05:30
桂KF2270,富民,2021/6/11 05:29
桂KF2270,区域四,2021/6/11 05:27
桂NB1928,区域四,2021/6/11 04:50
桂KZ0285,富民,2021/6/11 04:44
桂K25786,富民,2021/6/11 04:35
桂NC0302,富民,2021/6/11 04:26
桂AZ8528,袁木桂,2021/6/11 04:21
桂KV1975,富民,2021/6/11 03:01
冀A5559H,富民商贸615,2021/6/11 02:58
桂P08762,区域四,2021/6/11 02:14
赣K60392,天鹅湖,2021/6/11 02:06
桂AQ3959,天鹅湖,2021/6/11 01:29
桂KU1006,富民,2021/6/11 01:06
桂KU1006,天鹅湖,2021/6/11 01:03
辽J61715,天鹅湖,2021/6/11 00:41
桂P26129,天鹅湖,2021/6/11 00:35
鲁Q326CP,天鹅湖,2021/6/11 00:29
鲁Q326CP,富民,2021/6/11 00:24
桂P80893,天鹅湖,2021/6/11 00:14
冀EV4665,天鹅湖,2021/6/11 00:13
甘D62559,富民,2021/6/11 00:04
鲁PL1057,天鹅湖,2021/6/10 23:56
赣AQ6229,天鹅湖,2021/6/10 23:45
赣A98613,天鹅湖,2021/6/10 22:50
鲁PP9685,天鹅湖,2021/6/10 22:39
桂K73137,天鹅湖,2021/6/10 22:28
桂AE6336,富民,2021/6/10 22:19
苏CKA355,天鹅湖,2021/6/10 22:19
皖KN2929,富民,2021/6/10 22:17
闽AR7670,富民,2021/6/10 22:16
闽AR7670,富民商贸615,2021/6/10 22:16
皖KN2929,天鹅湖,2021/6/10 22:14
闽AR7670,天鹅湖,2021/6/10 22:13
桂NB6579,天鹅湖,2021/6/10 22:05
豫NV5017,富民商贸615,2021/6/10 22:00
豫LM0091,富民,2021/6/10 21:52
豫LM0091,天鹅湖,2021/6/10 21:50
鲁FCB168,天鹅湖,2021/6/10 21:49
豫JA1051,富民商贸615,2021/6/10 21:27
鲁Q872EK,富民商贸615,2021/6/10 21:06
桂P26686,富民,2021/6/10 20:58
桂P26686,天鹅湖,2021/6/10 20:56
桂P58669,天鹅湖,2021/6/10 20:54
豫NL8702,富民商贸615,2021/6/10 20:49
湘M08152,天鹅湖,2021/6/10 20:42
豫NV7598,富民,2021/6/10 20:32
豫NV7598,天鹅湖,2021/6/10 20:29
桂P82896,富民,2021/6/10 20:24
桂P28281,天鹅湖,2021/6/10 20:20
鲁FBY169,天鹅湖,2021/6/10 20:07
鲁FBY169,富民,2021/6/10 20:04
湘J7E219,富民,2021/6/10 20:00
桂A97396,天鹅湖,2021/6/10 19:57
赣M23868,富民,2021/6/10 19:56
苏CKT700,富民,2021/6/10 19:55
赣M23868,天鹅湖,2021/6/10 19:54
桂BW3521,天鹅湖,2021/6/10 19:53
豫NL8702,富民,2021/6/10 19:44
豫JA1051,袁木桂,2021/6/10 19:38
桂P28202,富民,2021/6/10 19:37
冀A845UE,天鹅湖,2021/6/10 19:36
豫JA1051,天鹅湖,2021/6/10 19:36
桂N67385,富民,2021/6/10 19:26
桂N67385,天鹅湖,2021/6/10 19:23
粤BHW375,富民,2021/6/10 19:16
黑AAJ789,富民商贸615,2021/6/10 19:13
黑AAJ789,富民,2021/6/10 19:09
黑AAJ789,天鹅湖,2021/6/10 19:07
桂C15127,天鹅湖,2021/6/10 19:04
豫NE6691,天鹅湖,2021/6/10 19:03
桂P17909,富民,2021/6/10 19:02
豫B78S62,富民,2021/6/10 18:58
鲁PN8956,富民商贸615,2021/6/10 18:50
桂KR0251,富民,2021/6/10 18:49
冀EF9795,富民商贸615,2021/6/10 18:49
冀EG2289,天鹅湖,2021/6/10 18:49
鲁PN8956,富民,2021/6/10 18:47
桂NB8276,天鹅湖,2021/6/10 18:47
冀EF9795,富民,2021/6/10 18:44
桂AV5372,天鹅湖,2021/6/10 18:44
冀EF9795,天鹅湖,2021/6/10 18:42
桂FC9607,富民,2021/6/10 18:40
桂P56836,天鹅湖,2021/6/10 18:39
鲁DD6586,富民,2021/6/10 18:37
桂FC9607,天鹅湖,2021/6/10 18:36
豫B10589,富民商贸615,2021/6/10 18:34
湘JB1397,区域四,2021/6/10 18:34
赣DE2290,富民,2021/6/10 18:31
桂P08035,富民,2021/6/10 18:27
桂P05081,富民,2021/6/10 18:24
桂P05081,区域四,2021/6/10 18:22
桂K29328,袁木桂,2021/6/10 18:19
桂NB6319,区域四,2021/6/10 18:18
桂P81328,区域四,2021/6/10 18:18
桂E78635,富民商贸615,2021/6/10 18:16
桂P86689,富民商贸615,2021/6/10 18:14
桂E78635,区域四,2021/6/10 18:12
苏NCY957,富民商贸615,2021/6/10 18:11
豫B78S62,区域四,2021/6/10 18:10
鲁PN8956,区域四,2021/6/10 18:10
辽AES616,区域四,2021/6/10 18:08
桂P11178,区域四,2021/6/10 18:05
苏CJW699,富民,2021/6/10 18:01
桂KX8660,区域四,2021/6/10 17:55
桂NB7191,富民,2021/6/10 17:49
桂NB7191,区域四,2021/6/10 17:45
赣CQ9106,区域四,2021/6/10 17:38
桂KA5961,富民,2021/6/10 17:36
鲁PP9685,富民,2021/6/10 17:28
鲁Q960DA,富民商贸615,2021/6/10 17:26
鲁Q960DA,富民,2021/6/10 17:25
皖LB4171,富民,2021/6/10 17:24
桂K15711,区域四,2021/6/10 17:24
鲁Q960DA,区域四,2021/6/10 17:21
皖LB4171,区域四,2021/6/10 17:21
桂P80770,富民,2021/6/10 17:18
桂P55587,区域四,2021/6/10 17:18
川X62191,区域四,2021/6/10 17:16
桂P80770,区域四,2021/6/10 17:15
浙B2V067,区域四,2021/6/10 17:12
桂KA5961,区域四,2021/6/10 17:12
桂P13081,富民商贸615,2021/6/10 17:08
津CE1695,富民,2021/6/10 17:05
鲁Q369KS,富民商贸615,2021/6/10 17:04
津CE1695,区域四,2021/6/10 17:03
鲁PN9669,富民商贸615,2021/6/10 17:01
皖LB3385,富民,2021/6/10 17:00
桂ND9971,富民,2021/6/10 16:59
鲁PN9669,区域四,2021/6/10 16:58
赣CBF362,区域四,2021/6/10 16:58
皖LB3385,天鹅湖,2021/6/10 16:57
桂ND9971,天鹅湖,2021/6/10 16:57
川ACZ685,富民,2021/6/10 16:55
桂AE7712,富民,2021/6/10 16:53
川ACZ685,天鹅湖,2021/6/10 16:53
桂P55011,富民,2021/6/10 16:49
桂AE7712,天鹅湖,2021/6/10 16:49
桂KL5398,天鹅湖,2021/6/10 16:47
桂KK0672,富民,2021/6/10 16:43
甘A76351,富民,2021/6/10 16:38
粤BEQ634,富民,2021/6/10 16:37
豫NE3313,富民商贸615,2021/6/10 16:36
甘A76351,天鹅湖,2021/6/10 16:35
豫NE3313,富民,2021/6/10 16:34
豫NE3313,天鹅湖,2021/6/10 16:32
桂P25252,袁木桂,2021/6/10 16:31
桂P21298,富民,2021/6/10 16:28
桂KL6802,天鹅湖,2021/6/10 16:27
湘M08152,富民商贸615,2021/6/10 16:26
桂E61029,天鹅湖,2021/6/10 16:26
豫NV5017,天鹅湖,2021/6/10 16:26
湘M08152,富民,2021/6/10 16:25
桂P82896,天鹅湖,2021/6/10 16:25
豫NE6691,富民,2021/6/10 16:24
豫NE6691,富民商贸615,2021/6/10 16:24
桂P10036,天鹅湖,2021/6/10 16:24
桂E61029,富民,2021/6/10 16:18
鲁H85L89,富民,2021/6/10 16:17
桂P23329,天鹅湖,2021/6/10 16:17
鲁H85L89,天鹅湖,2021/6/10 16:15
赣CH9037,富民,2021/6/10 16:14
鲁FBU072,天鹅湖,2021/6/10 16:14
桂P18906,富民,2021/6/10 16:11
桂P05772,富民,2021/6/10 16:05
桂P05772,天鹅湖,2021/6/10 16:03
桂AW0336,富民,2021/6/10 16:01
桂P21909,天鹅湖,2021/6/10 15:59
桂P21909,富民,2021/6/10 15:58
鲁UX9198,富民商贸615,2021/6/10 15:58
皖KR8672,富民,2021/6/10 15:57
皖KR8672,天鹅湖,2021/6/10 15:55
桂K65813,天鹅湖,2021/6/10 15:55
桂KV8150,富民商贸615,2021/6/10 15:54
鲁FW0096,天鹅湖,2021/6/10 15:53
辽BHN117,富民,2021/6/10 15:50
桂C15127,富民商贸615,2021/6/10 15:47
桂KB5356,天鹅湖,2021/6/10 15:45
赣DJ0631,富民商贸615,2021/6/10 15:43
苏CJW699,天鹅湖,2021/6/10 15:43
桂KB5356,富民,2021/6/10 15:41
桂N91552,富民,2021/6/10 15:39
豫NL8702,天鹅湖,2021/6/10 15:38
桂KF3231,袁木桂,2021/6/10 15:35
桂N99381,富民,2021/6/10 15:34
冀A562TD,富民,2021/6/10 15:33
桂N99381,天鹅湖,2021/6/10 15:32
鲁FW2298,富民,2021/6/10 15:31
桂C51837,富民,2021/6/10 15:31
冀A562TD,天鹅湖,2021/6/10 15:31
鲁Q882DM,富民,2021/6/10 15:30
桂P23379,富民,2021/6/10 15:30
鲁FBZ999,富民商贸615,2021/6/10 15:30
鲁FBT263,富民,2021/6/10 15:29
川ACJ183,富民,2021/6/10 15:23
赣CC4986,天鹅湖,2021/6/10 15:23
豫GH7931,富民,2021/6/10 15:20
川ACJ183,天鹅湖,2021/6/10 15:20
豫GH7931,天鹅湖,2021/6/10 15:17
桂P53362,富民,2021/6/10 15:16
桂NB5078,天鹅湖,2021/6/10 15:16
桂KY0302,富民商贸615,2021/6/10 15:13
鲁FA7578,天鹅湖,2021/6/10 15:12
桂P28269,天鹅湖,2021/6/10 15:12
桂K97223,天鹅湖,2021/6/10 15:07
桂P25606,富民,2021/6/10 15:04
皖M5F359,富民,2021/6/10 15:03
桂NB3058,天鹅湖,2021/6/10 15:00
皖KR6631,天鹅湖,2021/6/10 14:56
桂P02573,富民商贸615,2021/6/10 14:55
桂N71508,富民商贸615,2021/6/10 14:55
桂P02573,富民,2021/6/10 14:54
粤GJ3197,富民,2021/6/10 14:49
桂P28298,富民,2021/6/10 14:47
桂P28298,天鹅湖,2021/6/10 14:45
鲁RL7622,天鹅湖,2021/6/10 14:43
桂AE2001,天鹅湖,2021/6/10 14:43
桂NB9950,富民,2021/6/10 14:37
桂K99313,富民,2021/6/10 14:36
桂AV3599,天鹅湖,2021/6/10 14:34
鲁Q872EK,袁木桂,2021/6/10 14:31
桂N56897,天鹅湖,2021/6/10 14:30
桂K96992,富民,2021/6/10 14:27
桂N53100,天鹅湖,2021/6/10 14:27
鲁PQ6013,富民,2021/6/10 14:23
鲁PQ6013,富民商贸615,2021/6/10 14:23
桂AF0392,天鹅湖,2021/6/10 14:21
赣DE2290,天鹅湖,2021/6/10 14:20
桂AZ5887,富民,2021/6/10 14:19
辽HH7891,天鹅湖,2021/6/10 14:19
鲁PQ6013,天鹅湖,2021/6/10 14:18
桂K78818,天鹅湖,2021/6/10 14:17
桂AZ5887,天鹅湖,2021/6/10 14:17
桂KK0525,天鹅湖,2021/6/10 14:16
桂AZ2092,天鹅湖,2021/6/10 14:13
粤BEQ634,天鹅湖,2021/6/10 14:13
豫EA6001,富民,2021/6/10 14:10
豫EA6001,天鹅湖,2021/6/10 14:08
桂NB1092,天鹅湖,2021/6/10 13:59
鲁Q789BM,富民,2021/6/10 13:49
鲁FBT263,天鹅湖,2021/6/10 13:49
鲁FA7578,富民,2021/6/10 13:47
鲁Q789BM,天鹅湖,2021/6/10 13:47
粤AFY607,富民,2021/6/10 13:46
桂P87890,天鹅湖,2021/6/10 13:46
粤BZ7849,天鹅湖,2021/6/10 13:46
粤AFY607,天鹅湖,2021/6/10 13:44
桂NB8866,天鹅湖,2021/6/10 13:43
桂P87208,富民,2021/6/10 13:37
桂K17653,天鹅湖,2021/6/10 13:35
桂P87208,天鹅湖,2021/6/10 13:35
桂N88007,天鹅湖,2021/6/10 13:34
苏CLN638,富民,2021/6/10 13:32
桂N88007,富民,2021/6/10 13:32
桂N85567,富民,2021/6/10 13:31
皖LB2448,富民商贸615,2021/6/10 13:29
皖LB2448,富民,2021/6/10 13:28
桂P26726,富民,2021/6/10 13:27
桂K96992,天鹅湖,2021/6/10 13:26
湘HA4505,富民,2021/6/10 13:22
桂P06222,天鹅湖,2021/6/10 13:22
鲁UX0388,天鹅湖,2021/6/10 13:21
桂P20933,天鹅湖,2021/6/10 13:20
湘HA4505,天鹅湖,2021/6/10 13:18
鲁FBF802,袁木桂,2021/6/10 13:14
豫B10589,富民,2021/6/10 13:14
桂KA7916,天鹅湖,2021/6/10 13:14
桂P25257,富民,2021/6/10 13:13
桂KR8997,富民,2021/6/10 13:11
桂ND3582,富民,2021/6/10 13:11
鲁FBF802,天鹅湖,2021/6/10 13:11
桂ND3582,天鹅湖,2021/6/10 13:08
桂P80178,天鹅湖,2021/6/10 13:07
鲁FAZ522,富民,2021/6/10 13:06
桂P12056,天鹅湖,2021/6/10 13:06
鲁Q872EK,天鹅湖,2021/6/10 13:05
桂NB6303,富民,2021/6/10 13:02
苏CLN638,天鹅湖,2021/6/10 13:00
桂K15711,富民,2021/6/10 12:55
桂KR8997,天鹅湖,2021/6/10 12:55
桂P85509,天鹅湖,2021/6/10 12:55
浙J93957,富民商贸615,2021/6/10 12:54
桂AD9691,天鹅湖,2021/6/10 12:54
晋E25286,富民,2021/6/10 12:53
浙J93957,富民,2021/6/10 12:52
桂P85509,富民,2021/6/10 12:52
桂P25855,天鹅湖,2021/6/10 12:52
豫HQ9939,天鹅湖,2021/6/10 12:50
浙J93957,天鹅湖,2021/6/10 12:50
晋E25286,天鹅湖,2021/6/10 12:50
桂KA7916,富民,2021/6/10 12:49
桂NB6303,区域四,2021/6/10 12:48
粤BLS765,富民,2021/6/10 12:43
粤BLS765,区域四,2021/6/10 12:40
桂N91391,富民,2021/6/10 12:39
浙J27500,富民商贸615,2021/6/10 12:38
皖CB5448,区域四,2021/6/10 12:37
桂KH9337,区域四,2021/6/10 12:35
桂AF7593,富民,2021/6/10 12:34
浙J27500,富民,2021/6/10 12:31
桂P16355,区域四,2021/6/10 12:29
浙B2R911,富民商贸615,2021/6/10 12:26
鲁PV9971,富民商贸615,2021/6/10 12:21
桂K30698,区域四,2021/6/10 12:21
皖KR5193,富民商贸615,2021/6/10 12:17
桂P52156,区域四,2021/6/10 12:14
桂NB6579,富民,2021/6/10 12:10
鲁PZ5632,富民商贸615,2021/6/10 12:09
桂P57618,区域四,2021/6/10 12:09
鲁Q056BE,富民商贸615,2021/6/10 12:07
鲁PZ5632,富民,2021/6/10 12:06
吉A5F164,富民商贸615,2021/6/10 12:06
鲁FAZ522,区域四,2021/6/10 12:06
鲁Q056BE,袁木桂,2021/6/10 12:05
吉A5F164,富民,2021/6/10 12:05
桂NB3569,富民,2021/6/10 12:03
豫LM2399,富民商贸615,2021/6/10 12:03
鲁Q056BE,区域四,2021/6/10 12:03
豫LM2399,富民,2021/6/10 12:01
鲁FBV106,富民,2021/6/10 12:01
桂NB3569,区域四,2021/6/10 12:01
鲁FBV106,区域四,2021/6/10 11:59
豫LM2399,区域四,2021/6/10 11:58
桂NB8866,富民,2021/6/10 11:54
浙J19867,区域四,2021/6/10 11:51
豫NV5017,富民,2021/6/10 11:50
桂KD8539,富民,2021/6/10 11:39
桂KD8539,区域四,2021/6/10 11:36
浙B2V067,富民,2021/6/10 11:34
浙B2V067,富民商贸615,2021/6/10 11:34
桂P27189,富民,2021/6/10 11:26
桂KR0251,区域四,2021/6/10 11:24
桂P27189,区域四,2021/6/10 11:23
鲁D97873,富民,2021/6/10 11:20
粤G49989,区域四,2021/6/10 11:20
沪FA1059,富民,2021/6/10 11:17
鲁D97873,区域四,2021/6/10 11:17
沪FA1059,区域四,2021/6/10 11:14
冀EP8706,区域四,2021/6/10 11:09
鲁VS6771,富民,2021/6/10 11:08
鲁VS6771,区域四,2021/6/10 11:06
沪FE9058,富民,2021/6/10 11:00
桂P22337,区域四,2021/6/10 11:00
辽GL0262,富民,2021/6/10 10:58
浙B0Z087,富民,2021/6/10 10:56
辽GL0262,天鹅湖,2021/6/10 10:56
浙B0Z087,天鹅湖,2021/6/10 10:53
桂P23323,天鹅湖,2021/6/10 10:53
桂P03230,富民,2021/6/10 10:46
桂K22710,富民,2021/6/10 10:43
桂K22710,天鹅湖,2021/6/10 10:40
皖KS5098,富民商贸615,2021/6/10 10:39
豫N38A8D,袁木桂,2021/6/10 10:38
桂AB5869,富民,2021/6/10 10:38
桂AF0812,富民,2021/6/10 10:37
冀A892AY,富民,2021/6/10 10:37
桂F95017,富民商贸615,2021/6/10 10:37
桂KK1778,富民,2021/6/10 10:36
浙B1B602,富民,2021/6/10 10:36
赣DC3038,天鹅湖,2021/6/10 10:36
桂C97882,区域四,2021/6/10 10:31
冀A892AY,天鹅湖,2021/6/10 10:28
桂AQ8602,天鹅湖,2021/6/10 10:28
桂P21829,天鹅湖,2021/6/10 10:27
桂P10896,区域四,2021/6/10 10:25
桂P10896,富民,2021/6/10 10:24
桂P10896,天鹅湖,2021/6/10 10:22
鲁PR8802,富民,2021/6/10 10:15
豫N38A8D,天鹅湖,2021/6/10 10:13
桂N93721,富民,2021/6/10 10:12
桂P23298,富民,2021/6/10 10:11
桂AQ0233,富民,2021/6/10 10:09
皖LC2058,天鹅湖,2021/6/10 10:09
桂P23298,天鹅湖,2021/6/10 10:08
桂N93721,天鹅湖,2021/6/10 10:08
鲁Q276JG,富民,2021/6/10 10:07
苏F69651,区域四,2021/6/10 09:55
桂P00297,天鹅湖,2021/6/10 09:55
桂KB8960,富民,2021/6/10 09:53
冀GM3551,富民,2021/6/10 09:49
冀GM3551,天鹅湖,2021/6/10 09:47
桂P82086,富民,2021/6/10 09:43
桂N63133,天鹅湖,2021/6/10 09:36
桂NB9950,天鹅湖,2021/6/10 09:29
苏NCY957,富民,2021/6/10 09:28
桂KQ7773,天鹅湖,2021/6/10 09:28
桂AQ6625,富民,2021/6/10 09:24
苏NCY957,天鹅湖,2021/6/10 09:16
苏E6J762,富民,2021/6/10 09:15
桂N99881,天鹅湖,2021/6/10 09:15
桂KL6130,天鹅湖,2021/6/10 09:10
黑AT5121,区域四,2021/6/10 09:09
鲁FCB168,区域四,2021/6/10 09:06
浙B1W870,区域四,2021/6/10 09:04
桂KY5891,天鹅湖,2021/6/10 09:03
鲁FCB168,袁木桂,2021/6/10 09:02
苏E6J762,天鹅湖,2021/6/10 09:00
鲁Q5288H,富民,2021/6/10 08:54
皖LC2713,区域四,2021/6/10 08:53
桂P82086,天鹅湖,2021/6/10 08:53
皖LC2713,富民,2021/6/10 08:52
桂P13132,富民,2021/6/10 08:52
桂P13132,区域四,2021/6/10 08:52
赣C0935N,天鹅湖,2021/6/10 08:52
鲁Q276JG,天鹅湖,2021/6/10 08:52
鲁Q5288H,天鹅湖,2021/6/10 08:52
皖LC2713,天鹅湖,2021/6/10 08:49
桂P13132,天鹅湖,2021/6/10 08:49
桂P87888,天鹅湖,2021/6/10 08:48
赣C0935N,富民,2021/6/10 08:46
桂E09888,富民,2021/6/10 08:42
桂K99313,天鹅湖,2021/6/10 08:42
桂N53516,富民,2021/6/10 08:37
苏F69651,富民,2021/6/10 08:37
苏F69651,天鹅湖,2021/6/10 08:34
黑MR4455,区域四,2021/6/10 08:28
黑MR4455,富民,2021/6/10 08:25
桂KV6161,富民,2021/6/10 08:25
桂N53516,天鹅湖,2021/6/10 08:24
黑MR4455,天鹅湖,2021/6/10 08:23
皖M5F359,天鹅湖,2021/6/10 08:23
桂KV6161,天鹅湖,2021/6/10 08:23
桂AW7125,富民,2021/6/10 08:19
鲁UX9198,富民,2021/6/10 08:18
鲁UX9198,天鹅湖,2021/6/10 08:16
桂F95017,富民,2021/6/10 08:10
桂F95017,天鹅湖,2021/6/10 08:08
桂P57159,天鹅湖,2021/6/10 08:06
桂P22022,天鹅湖,2021/6/10 08:03
黑AT5121,富民,2021/6/10 07:57
桂P27818,富民,2021/6/10 07:55
桂P81386,天鹅湖,2021/6/10 07:55
鲁PR8802,天鹅湖,2021/6/10 07:52
桂K87535,富民,2021/6/10 07:48
桂K87535,天鹅湖,2021/6/10 07:46
桂F99019,天鹅湖,2021/6/10 07:45
豫PZ1572,富民,2021/6/10 07:42
豫PZ1572,天鹅湖,2021/6/10 07:40
桂KH0992,富民,2021/6/10 07:39
桂KH0992,天鹅湖,2021/6/10 07:37
黑LB5666,富民,2021/6/10 07:34
黑LB5666,天鹅湖,2021/6/10 07:30
桂N86582,富民,2021/6/10 07:15
桂N86582,天鹅湖,2021/6/10 07:12
桂K65561,富民,2021/6/10 07:06
桂P25229,天鹅湖,2021/6/10 07:06
桂P03521,富民,2021/6/10 06:56
桂K28052,天鹅湖,2021/6/10 06:55
桂P03521,天鹅湖,2021/6/10 06:53
桂AY8695,天鹅湖,2021/6/10 06:51
桂K65561,天鹅湖,2021/6/10 06:28
皖S96358,富民,2021/6/10 06:23
桂P25368,富民,2021/6/10 06:20
皖S96358,天鹅湖,2021/6/10 06:17
桂KR6975,天鹅湖,2021/6/10 06:04
桂P09292,天鹅湖,2021/6/10 05:52
桂FC9097,富民,2021/6/10 05:41
桂F08132,富民,2021/6/10 05:41
桂FC9097,天鹅湖,2021/6/10 05:39
桂F08132,天鹅湖,2021/6/10 05:38
桂P20376,富民,2021/6/10 05:07
桂KV3818,区域四,2021/6/10 04:51
桂NB3689,富民,2021/6/10 04:14
桂AP5990,区域四,2021/6/10 01:40
桂KG5323,富民,2021/6/10 00:46
桂KG5323,区域四,2021/6/10 00:44
桂P19836,区域四,2021/6/9 23:42
桂C62652,区域四,2021/6/9 23:24
粤BHK879,区域四,2021/6/9 23:10
鲁UJ1552,区域四,2021/6/9 22:28
吉AU5849,区域四,2021/6/9 22:13
桂E19393,区域四,2021/6/9 22:06
豫PS6026,富民,2021/6/9 22:05
鲁PV8921,富民,2021/6/9 21:55
鲁PV8921,区域四,2021/6/9 21:53
桂BL7961,区域四,2021/6/9 21:51
桂P51189,区域四,2021/6/9 21:34
苏F58951,富民,2021/6/9 21:26
桂NB2595,区域四,2021/6/9 21:25
黑AT5121,区域四,2021/6/9 21:24
苏F58951,区域四,2021/6/9 21:23
桂RC7550,区域四,2021/6/9 21:19
桂P16959,区域四,2021/6/9 21:16
鲁LE5367,区域四,2021/6/9 21:14
辽J61927,富民,2021/6/9 21:08
辽J61927,区域四,2021/6/9 21:06
豫PS6026,区域四,2021/6/9 21:05
赣C1136N,富民,2021/6/9 20:59
桂KK0736,区域四,2021/6/9 20:59
赣C1136N,区域四,2021/6/9 20:56
鲁LE5367,区域四,2021/6/9 20:52
鲁LE5367,富民,2021/6/9 20:51
桂BY1787,区域四,2021/6/9 20:44
桂P20819,富民,2021/6/9 20:36
桂P20819,区域四,2021/6/9 20:32
桂KW2037,袁木桂,2021/6/9 20:25
鲁PW7031,富民,2021/6/9 20:24
桂P08385,天鹅湖,2021/6/9 20:20
冀DX4757,富民,2021/6/9 20:19
冀DX4757,天鹅湖,2021/6/9 20:17
川K87977,区域四,2021/6/9 20:14
鲁Q397JD,富民,2021/6/9 20:12
鲁Q045AW,天鹅湖,2021/6/9 20:11
桂K25007,天鹅湖,2021/6/9 20:07
鲁DD6586,天鹅湖,2021/6/9 20:07
桂P28078,富民,2021/6/9 20:04
鲁QD6522,富民,2021/6/9 20:04
鲁Q397JD,天鹅湖,2021/6/9 20:02
桂P26786,天鹅湖,2021/6/9 20:02
吉A5F164,天鹅湖,2021/6/9 19:59
浙B2R911,富民,2021/6/9 19:55
浙B2R911,天鹅湖,2021/6/9 19:54
沪DT0180,天鹅湖,2021/6/9 19:44
湘JB1367,天鹅湖,2021/6/9 19:38
桂P25236,天鹅湖,2021/6/9 19:29
桂AX3252,富民,2021/6/9 19:26
沪FE9058,天鹅湖,2021/6/9 19:26
鲁YC5298,天鹅湖,2021/6/9 19:26
桂NB8658,天鹅湖,2021/6/9 19:25
桂K15682,天鹅湖,2021/6/9 19:25
桂AF8672,天鹅湖,2021/6/9 19:21
桂C60891,天鹅湖,2021/6/9 19:19
沪FH6128,富民,2021/6/9 19:16
桂KH3722,天鹅湖,2021/6/9 19:15
桂KV9883,天鹅湖,2021/6/9 19:13
桂C60891,区域四,2021/6/9 19:08
豫BXJ816,天鹅湖,2021/6/9 19:07
桂P18918,富民,2021/6/9 18:49
冀A1093Y,区域四,2021/6/9 18:46
桂C39699,富民,2021/6/9 18:37
桂C39699,天鹅湖,2021/6/9 18:34
桂P82556,富民,2021/6/9 18:31
桂KK1582,天鹅湖,2021/6/9 18:29
桂KK1582,富民,2021/6/9 18:26
浙B1W870,富民,2021/6/9 18:21
浙B1W870,天鹅湖,2021/6/9 18:19
桂P03810,富民,2021/6/9 18:18
桂K99589,天鹅湖,2021/6/9 18:18
黑JA4916,区域四,2021/6/9 18:16
鲁Q369KS,富民,2021/6/9 18:11
皖KR5193,富民,2021/6/9 18:11
桂E53832,天鹅湖,2021/6/9 18:11
皖KR5193,天鹅湖,2021/6/9 18:09
赣DJ0631,天鹅湖,2021/6/9 18:02
辽ACF311,天鹅湖,2021/6/9 17:59
赣DJ0631,富民,2021/6/9 17:58
豫JB6362,富民,2021/6/9 17:54
豫HK3368,天鹅湖,2021/6/9 17:49
桂KB6901,天鹅湖,2021/6/9 17:43
桂NB8503,天鹅湖,2021/6/9 17:41
桂E58105,区域四,2021/6/9 17:40
桂NB8503,富民,2021/6/9 17:39
桂P82875,天鹅湖,2021/6/9 17:37
鲁Q0066R,区域四,2021/6/9 17:27
鲁Q0066R,富民,2021/6/9 17:26
湘HB2291,袁木桂,2021/6/9 17:24
桂AN5266,袁木桂,2021/6/9 17:22
湘HB2291,天鹅湖,2021/6/9 17:22
苏C1J128,袁木桂,2021/6/9 17:19
吉BE0913,袁木桂,2021/6/9 17:19
苏AN6206,袁木桂,2021/6/9 17:17
苏C1J128,天鹅湖,2021/6/9 17:16
桂E55600,袁木桂,2021/6/9 17:15
桂E55600,天鹅湖,2021/6/9 17:13
桂K38925,天鹅湖,2021/6/9 17:13
桂P03810,天鹅湖,2021/6/9 17:13
苏CKT700,天鹅湖,2021/6/9 17:06
桂P18832,区域四,2021/6/9 16:59
鲁PH5316,区域四,2021/6/9 16:59
鲁PH5316,袁木桂,2021/6/9 16:46
浙B1V702,天鹅湖,2021/6/9 16:45
鲁PH5316,天鹅湖,2021/6/9 16:44
桂P09192,天鹅湖,2021/6/9 16:43
桂P23768,袁木桂,2021/6/9 16:40
桂E16919,天鹅湖,2021/6/9 16:40
桂KF3192,天鹅湖,2021/6/9 16:39
桂P23768,天鹅湖,2021/6/9 16:38
粤GE0137,区域四,2021/6/9 16:36
鲁NE3858,区域四,2021/6/9 16:35
桂A95992,天鹅湖,2021/6/9 16:35
桂KY9016,区域四,2021/6/9 16:35
粤GE0137,袁木桂,2021/6/9 16:34
鲁NE3858,袁木桂,2021/6/9 16:34
鲁YC7027,区域四,2021/6/9 16:24
鲁FAR977,区域四,2021/6/9 16:22
渝DT8800,区域四,2021/6/9 16:22
鲁FAR977,袁木桂,2021/6/9 16:21
鲁FAR977,区域四,2021/6/9 16:19
桂AY7999,区域四,2021/6/9 16:19
浙B0Q177,区域四,2021/6/9 16:17
浙B0Q177,袁木桂,2021/6/9 16:15
辽J35726,袁木桂,2021/6/9 16:13
桂AC0879,袁木桂,2021/6/9 16:13
桂KF3273,袁木桂,2021/6/9 16:06
鲁V35805,袁木桂,2021/6/9 16:06
桂KF3273,区域四,2021/6/9 16:04
沪DT0180,富民商贸615,2021/6/9 16:03
桂BW1356,区域四,2021/6/9 16:03
桂P82556,区域四,2021/6/9 16:03
桂K33913,区域四,2021/6/9 16:01
桂N38978,袁木桂,2021/6/9 16:00
桂P86982,袁木桂,2021/6/9 16:00
桂P59328,袁木桂,2021/6/9 16:00
桂P21729,区域四,2021/6/9 16:00
鲁Q672JG,袁木桂,2021/6/9 15:58
桂P21729,袁木桂,2021/6/9 15:58
桂P86982,区域四,2021/6/9 15:57
鲁Q672JG,区域四,2021/6/9 15:56
桂P29229,区域四,2021/6/9 15:53
赣C2P998,区域四,2021/6/9 15:49
冀EM8931,袁木桂,2021/6/9 15:44
冀EM8931,富民商贸615,2021/6/9 15:44
桂KB3930,区域四,2021/6/9 15:42
豫NJ2320,富民商贸615,2021/6/9 15:41
桂KB3930,袁木桂,2021/6/9 15:40
冀EM8931,区域四,2021/6/9 15:40
桂P86689,区域四,2021/6/9 15:39
冀ET8324,富民商贸615,2021/6/9 15:38
豫NJ2320,袁木桂,2021/6/9 15:37
桂P05598,袁木桂,2021/6/9 15:37
浙B0Q177,区域四,2021/6/9 15:36
鲁Q045AW,富民商贸615,2021/6/9 15:35
豫NJ2320,区域四,2021/6/9 15:35
桂P87269,袁木桂,2021/6/9 15:34
鲁Q045AW,袁木桂,2021/6/9 15:34
桂KB9445,袁木桂,2021/6/9 15:33
桂P59328,区域四,2021/6/9 15:30
桂E53832,袁木桂,2021/6/9 15:28
桂E53832,富民商贸615,2021/6/9 15:28
皖KS5098,袁木桂,2021/6/9 15:22
桂AY5099,区域四,2021/6/9 15:22
湘JB1367,袁木桂,2021/6/9 15:21
皖KS5098,区域四,2021/6/9 15:20
沪DK1497,袁木桂,2021/6/9 15:19
鲁PU7171,袁木桂,2021/6/9 15:19
鲁FCA832,袁木桂,2021/6/9 15:17
鲁PL4456,富民商贸615,2021/6/9 15:17
皖KQ9316,富民,2021/6/9 15:16
鲁PL4029,富民商贸615,2021/6/9 15:16
鲁FCA832,区域四,2021/6/9 15:15
桂KU7651,天鹅湖,2021/6/9 15:12
桂E07903,富民,2021/6/9 15:08
皖KQ9316,天鹅湖,2021/6/9 15:04
沪DK1497,天鹅湖,2021/6/9 15:02
赣M79028,富民,2021/6/9 15:01
桂CJ8170,富民商贸615,2021/6/9 15:01
鄂FJV917,富民,2021/6/9 14:59
桂KH0693,天鹅湖,2021/6/9 14:59
赣M79028,天鹅湖,2021/6/9 14:59
辽GH8692,天鹅湖,2021/6/9 14:59
桂AZ2092,富民,2021/6/9 14:58
鄂FJV917,天鹅湖,2021/6/9 14:57
桂N53993,富民,2021/6/9 14:54
桂AM1298,富民,2021/6/9 14:53
闽AS2127,天鹅湖,2021/6/9 14:49
闽DC6375,天鹅湖,2021/6/9 14:48
桂N97357,天鹅湖,2021/6/9 14:48
皖KS5068,富民商贸615,2021/6/9 14:44
辽BYJ938,天鹅湖,2021/6/9 14:43
浙B87H29,富民商贸615,2021/6/9 14:42
皖M14184,富民,2021/6/9 14:41
桂E03328,富民商贸615,2021/6/9 14:41
桂KG6468,天鹅湖,2021/6/9 14:39
鲁NE3858,天鹅湖,2021/6/9 14:39
鲁Q183AY,富民,2021/6/9 14:38
浙B87H29,富民,2021/6/9 14:37
黑AAV278,富民,2021/6/9 14:37
黑JA0871,富民商贸615,2021/6/9 14:36
桂KR2908,天鹅湖,2021/6/9 14:36
桂KY1733,天鹅湖,2021/6/9 14:36
鲁Q183AY,天鹅湖,2021/6/9 14:36
浙B87H29,天鹅湖,2021/6/9 14:35
陕DC0661,富民,2021/6/9 14:33
陕DC0661,富民商贸615,2021/6/9 14:33
桂P86096,天鹅湖,2021/6/9 14:32
桂K16092,天鹅湖,2021/6/9 14:31
桂P86096,富民,2021/6/9 14:30
鲁PR9152,富民商贸615,2021/6/9 14:30
陕DC0661,天鹅湖,2021/6/9 14:30
鲁Q0066R,天鹅湖,2021/6/9 14:30
鲁PR9152,富民,2021/6/9 14:29
吉AS7749,富民,2021/6/9 14:29
豫JB6362,天鹅湖,2021/6/9 14:28
桂P87685,天鹅湖,2021/6/9 14:25
桂P87858,富民,2021/6/9 14:24
桂P21018,富民,2021/6/9 14:24
桂N63998,天鹅湖,2021/6/9 14:24
桂P87858,天鹅湖,2021/6/9 14:21
豫LM1660,富民,2021/6/9 14:19
桂K76778,天鹅湖,2021/6/9 14:19
辽HF2062,天鹅湖,2021/6/9 14:18
豫LM1660,天鹅湖,2021/6/9 14:16
桂K36592,天鹅湖,2021/6/9 14:16
桂KK1778,天鹅湖,2021/6/9 14:13
桂P06777,富民,2021/6/9 14:11
桂P05598,天鹅湖,2021/6/9 14:08
桂N91330,天鹅湖,2021/6/9 14:05
桂P26189,天鹅湖,2021/6/9 14:04
桂N82789,天鹅湖,2021/6/9 14:01
桂KK3608,天鹅湖,2021/6/9 13:59
桂KJ0901,富民商贸615,2021/6/9 13:58
桂P21072,富民,2021/6/9 13:54
桂P21072,天鹅湖,2021/6/9 13:52
桂NB2955,天鹅湖,2021/6/9 13:51
桂P82892,富民,2021/6/9 13:43
豫HL9582,富民,2021/6/9 13:43
闽AC2686,富民,2021/6/9 13:42
闽AC2686,富民商贸615,2021/6/9 13:42
桂P82892,天鹅湖,2021/6/9 13:41
桂K23193,富民,2021/6/9 13:40
豫ND6079,富民商贸615,2021/6/9 13:34
桂P17978,天鹅湖,2021/6/9 13:33
桂K39373,天鹅湖,2021/6/9 13:33
桂N88228,天鹅湖,2021/6/9 13:33
豫ND6079,富民,2021/6/9 13:32
豫ND6079,天鹅湖,2021/6/9 13:30
豫K16988,富民,2021/6/9 13:23
豫K16988,富民商贸615,2021/6/9 13:23
桂D27865,富民,2021/6/9 13:17
桂KV5913,天鹅湖,2021/6/9 13:10
桂K38931,天鹅湖,2021/6/9 13:08
豫B10589,天鹅湖,2021/6/9 13:08
赣C2P998,富民,2021/6/9 13:07
桂P21528,天鹅湖,2021/6/9 13:03
鲁Q369KS,区域四,2021/6/9 12:59
桂AM1298,区域四,2021/6/9 12:57
桂P86923,区域四,2021/6/9 12:56
桂N93129,区域四,2021/6/9 12:55
桂K17792,富民,2021/6/9 12:52
桂K17792,区域四,2021/6/9 12:50
桂P06777,区域四,2021/6/9 12:49
桂P18388,区域四,2021/6/9 12:47
桂P09090,富民,2021/6/9 12:46
桂A96625,富民,2021/6/9 12:43
赣CBN922,富民商贸615,2021/6/9 12:42
桂P18918,区域四,2021/6/9 12:42
苏CMX628,富民,2021/6/9 12:40
桂P85016,区域四,2021/6/9 12:39
豫K99062,区域四,2021/6/9 12:38
桂NB2760,袁木桂,2021/6/9 12:37
桂NC7982,区域四,2021/6/9 12:35
桂NB2760,区域四,2021/6/9 12:33
浙B88J06,富民商贸615,2021/6/9 12:32
冀AAS848,富民商贸615,2021/6/9 12:32
浙B88J06,袁木桂,2021/6/9 12:30
鲁UU1269,区域四,2021/6/9 12:30
浙B88J06,区域四,2021/6/9 12:28
桂KG5078,区域四,2021/6/9 12:22
鄂FFV760,富民商贸615,2021/6/9 12:21
桂KH0210,区域四,2021/6/9 12:21
桂ND0959,袁木桂,2021/6/9 12:19
辽CF2460,富民商贸615,2021/6/9 12:19
吉BE1118,袁木桂,2021/6/9 12:14
桂FA5891,富民商贸615,2021/6/9 12:11
吉BE1118,区域四,2021/6/9 12:11
桂FA5891,袁木桂,2021/6/9 12:10
桂ND0959,区域四,2021/6/9 12:10
桂KL9256,袁木桂,2021/6/9 12:09
桂FA5891,区域四,2021/6/9 12:08
桂KL9256,区域四,2021/6/9 12:07
桂P17978,袁木桂,2021/6/9 12:06
辽GH8692,富民商贸615,2021/6/9 12:05
蒙D57671,富民商贸615,2021/6/9 12:02
桂N96833,区域四,2021/6/9 12:02
冀GP2665,袁木桂,2021/6/9 12:01
桂K52016,袁木桂,2021/6/9 12:00
桂K52016,富民商贸615,2021/6/9 12:00
桂KV2815,袁木桂,2021/6/9 11:59
桂KV8150,袁木桂,2021/6/9 11:59
桂P15559,区域四,2021/6/9 11:59
冀GP2665,区域四,2021/6/9 11:57
蒙L70202,袁木桂,2021/6/9 11:56
桂KY2179,袁木桂,2021/6/9 11:54
蒙L70202,天鹅湖,2021/6/9 11:53
黑AAV278,天鹅湖,2021/6/9 11:53
辽BYJ938,袁木桂,2021/6/9 11:52
辽BYJ938,富民商贸615,2021/6/9 11:52
桂P20528,天鹅湖,2021/6/9 11:52
桂KY2179,天鹅湖,2021/6/9 11:52
辽BN4871,富民商贸615,2021/6/9 11:51
辽BN4871,袁木桂,2021/6/9 11:50
辽BN4871,天鹅湖,2021/6/9 11:48
桂NB3083,袁木桂,2021/6/9 11:46
桂AX3252,天鹅湖,2021/6/9 11:45
桂P87819,天鹅湖,2021/6/9 11:45
桂D34293,袁木桂,2021/6/9 11:43
桂KV2815,天鹅湖,2021/6/9 11:41
桂D34293,天鹅湖,2021/6/9 11:40
辽CF2460,袁木桂,2021/6/9 11:39
鲁UQ1580,富民商贸615,2021/6/9 11:35
辽CF2460,天鹅湖,2021/6/9 11:33
桂KV2702,袁木桂,2021/6/9 11:32
沪FH6128,天鹅湖,2021/6/9 11:32
桂P59810,天鹅湖,2021/6/9 11:32
鲁Q006FH,富民商贸615,2021/6/9 11:29
桂AN3231,富民商贸615,2021/6/9 11:29
桂P82739,天鹅湖,2021/6/9 11:29
桂AN3231,袁木桂,2021/6/9 11:27
桂N53993,天鹅湖,2021/6/9 11:25
桂AN3231,天鹅湖,2021/6/9 11:25
湘AJ8309,富民商贸615,2021/6/9 11:18
桂KV2702,天鹅湖,2021/6/9 11:14
桂P57891,富民商贸615,2021/6/9 11:12
桂P57891,袁木桂,2021/6/9 11:11
鄂D25666,富民商贸615,2021/6/9 11:11
鄂D25666,袁木桂,2021/6/9 11:09
桂P59362,袁木桂,2021/6/9 11:07
粤GE0137,天鹅湖,2021/6/9 11:07
桂AQ9817,袁木桂,2021/6/9 11:05
桂P59362,天鹅湖,2021/6/9 11:05
桂ND8930,袁木桂,2021/6/9 11:03
桂K23193,天鹅湖,2021/6/9 11:01
桂N60995,天鹅湖,2021/6/9 10:59
桂KV8150,天鹅湖,2021/6/9 10:59
鲁GZ1983,袁木桂,2021/6/9 10:57
鲁GZ1983,天鹅湖,2021/6/9 10:54
辽D53439,富民商贸615,2021/6/9 10:50
辽D53439,袁木桂,2021/6/9 10:48
鲁PM9736,富民商贸615,2021/6/9 10:45
鲁UQ1580,袁木桂,2021/6/9 10:41
鲁UQ1580,天鹅湖,2021/6/9 10:39
桂AQ6982,富民商贸615,2021/6/9 10:38
桂P11839,袁木桂,2021/6/9 10:35
冀A222X5,袁木桂,2021/6/9 10:34
赣CU2649,袁木桂,2021/6/9 10:32
冀A222X5,天鹅湖,2021/6/9 10:30
赣CU2649,天鹅湖,2021/6/9 10:29
桂AF0890,天鹅湖,2021/6/9 10:26
鲁Q636CV,袁木桂,2021/6/9 10:22
鲁Q636CV,富民商贸615,2021/6/9 10:22
豫A2685W,袁木桂,2021/6/9 10:21
桂K25612,袁木桂,2021/6/9 10:19
鲁H88Y52,区域四,2021/6/9 10:19
鲁H88Y52,富民,2021/6/9 10:18
豫A2685W,天鹅湖,2021/6/9 10:17
鲁H88Y52,天鹅湖,2021/6/9 10:15
桂C18363,富民,2021/6/9 10:13
桂P16632,天鹅湖,2021/6/9 10:12
桂AQ6982,富民,2021/6/9 10:11
桂P86969,天鹅湖,2021/6/9 10:11
桂C18363,天鹅湖,2021/6/9 10:10
桂AQ6982,天鹅湖,2021/6/9 10:09
桂AF7783,富民,2021/6/9 10:04
桂N99550,富民,2021/6/9 10:02
桂N99550,区域四,2021/6/9 10:02
桂AF7783,天鹅湖,2021/6/9 10:02
桂P11839,天鹅湖,2021/6/9 10:02
桂N99550,天鹅湖,2021/6/9 10:00
桂E07903,天鹅湖,2021/6/9 09:53
桂P10128,富民,2021/6/9 09:36
湘AJ8309,富民,2021/6/9 09:32
桂AN6253,区域四,2021/6/9 09:31
桂P21738,天鹅湖,2021/6/9 09:31
湘AJ8309,天鹅湖,2021/6/9 09:30
鲁PQ0836,区域四,2021/6/9 09:29
辽B6000H,富民,2021/6/9 09:28
桂AN6253,天鹅湖,2021/6/9 09:28
辽B6000H,天鹅湖,2021/6/9 09:25
桂P21728,天鹅湖,2021/6/9 09:20
闽AM9765,富民,2021/6/9 09:13
赣C8Q115,富民,2021/6/9 09:13
闽AM9765,区域四,2021/6/9 09:13
鄂D25666,天鹅湖,2021/6/9 09:10
闽AM9765,天鹅湖,2021/6/9 09:07
蒙D57671,富民,2021/6/9 09:02
蒙D57671,天鹅湖,2021/6/9 09:00
鲁Q790DB,富民,2021/6/9 08:59
鲁Q790DB,天鹅湖,2021/6/9 08:52
桂P87889,天鹅湖,2021/6/9 08:52
桂NC9987,区域四,2021/6/9 08:50
黑JA0871,富民,2021/6/9 08:49
桂P11965,富民,2021/6/9 08:48
桂P11965,区域四,2021/6/9 08:46
黑JA0871,区域四,2021/6/9 08:39
桂KL8100,富民,2021/6/9 08:33
桂P15568,区域四,2021/6/9 08:29
桂P15568,富民,2021/6/9 08:28
桂N98380,富民,2021/6/9 08:26
桂N98380,区域四,2021/6/9 08:24
桂N91810,区域四,2021/6/9 08:24
桂K25612,区域四,2021/6/9 08:18
桂AW5292,区域四,2021/6/9 08:11
桂N66513,富民,2021/6/9 08:10
鲁L61633,富民,2021/6/9 08:07
桂K18615,区域四,2021/6/9 08:06
桂N66390,富民,2021/6/9 08:00
桂P82983,富民,2021/6/9 07:57
桂P07531,富民,2021/6/9 07:55
桂C97882,富民,2021/6/9 07:55
桂P82983,区域四,2021/6/9 07:54
桂N66578,富民,2021/6/9 07:38
桂C97882,区域四,2021/6/9 07:37
桂P22158,区域四,2021/6/9 07:37
皖M5E575,区域四,2021/6/9 07:34
桂NC5185,富民,2021/6/9 07:28
桂P18983,区域四,2021/6/9 07:26
桂P18983,富民,2021/6/9 07:24
桂P06169,区域四,2021/6/9 07:20
桂AX3689,区域四,2021/6/9 07:11
桂N91552,区域四,2021/6/9 07:01
桂E37770,袁木桂,2021/6/9 06:42
桂E37770,区域四,2021/6/9 06:40
桂P81953,富民,2021/6/9 06:28
赣C8Q115,区域四,2021/6/9 06:26
桂P81953,区域四,2021/6/9 06:26
桂P17939,富民,2021/6/9 06:23
豫LM8317,富民,2021/6/9 05:58
桂N71508,富民,2021/6/9 05:51
桂N71508,区域四,2021/6/9 05:49
鲁PF8232,富民,2021/6/9 05:44
桂AF3083,区域四,2021/6/9 04:23
桂P87800,区域四,2021/6/9 04:02
桂NB3233,富民,2021/6/9 03:32
桂NB3233,区域四,2021/6/9 03:29
桂N70866,富民,2021/6/9 03:20
桂N70866,区域四,2021/6/9 03:18
渝D30379,区域四,2021/6/9 01:52
渝D30379,富民,2021/6/9 01:45
渝D30379,天鹅湖,2021/6/9 01:43
桂KB3396,天鹅湖,2021/6/9 01:37
桂P10155,袁木桂,2021/6/9 01:07
鲁Q098JC,天鹅湖,2021/6/9 00:55
桂KU7780,区域四,2021/6/9 00:22
冀A8172W,区域四,2021/6/9 00:18
豫J91292,区域四,2021/6/9 00:11
冀D0M516,区域四,2021/6/9 00:03
桂KF1585,天鹅湖,2021/6/8 23:56
桂AF0892,富民,2021/6/8 23:46
桂P87686,天鹅湖,2021/6/8 22:48
桂P19887,富民,2021/6/8 22:36
桂P20828,天鹅湖,2021/6/8 22:36
桂KD8608,富民,2021/6/8 22:26
桂P09090,天鹅湖,2021/6/8 22:18
桂KD8608,天鹅湖,2021/6/8 21:57
豫NH2004,富民,2021/6/8 21:50
豫NH2004,天鹅湖,2021/6/8 21:47
桂AV9553,富民,2021/6/8 21:30
桂N86251,天鹅湖,2021/6/8 21:29
桂P01868,天鹅湖,2021/6/8 21:27
桂P19887,天鹅湖,2021/6/8 21:25
豫HJ8644,天鹅湖,2021/6/8 21:17
苏CJE167,天鹅湖,2021/6/8 21:15
豫NA3359,富民,2021/6/8 21:14
冀D0M516,富民,2021/6/8 21:02
冀D0M516,天鹅湖,2021/6/8 20:59
苏CEA379,天鹅湖,2021/6/8 20:53
桂P25206,天鹅湖,2021/6/8 20:47
桂P25206,富民,2021/6/8 20:45
冀EL2959,天鹅湖,2021/6/8 20:33
桂ND5398,天鹅湖,2021/6/8 20:32
桂N39970,天鹅湖,2021/6/8 20:28
闽A5M806,富民,2021/6/8 20:27
闽A5M806,天鹅湖,2021/6/8 20:25
豫K16988,天鹅湖,2021/6/8 20:24
桂P09681,天鹅湖,2021/6/8 20:20
桂P27668,天鹅湖,2021/6/8 20:18
鲁PD8765,天鹅湖,2021/6/8 20:16
桂KU6702,天鹅湖,2021/6/8 20:16
桂N89859,天鹅湖,2021/6/8 20:15
赣C1158N,富民,2021/6/8 20:14
桂N99856,天鹅湖,2021/6/8 20:08
鲁FBZ921,天鹅湖,2021/6/8 20:03
桂P80369,天鹅湖,2021/6/8 19:48
桂P58870,天鹅湖,2021/6/8 19:46
桂NB5057,天鹅湖,2021/6/8 19:45
鲁PQ0836,富民,2021/6/8 19:41
川AAR232,天鹅湖,2021/6/8 19:40
桂P19959,富民,2021/6/8 19:39
鲁PQ0836,天鹅湖,2021/6/8 19:39
粤AHK935,富民,2021/6/8 19:38
粤AHK935,天鹅湖,2021/6/8 19:35
桂KB2573,天鹅湖,2021/6/8 19:35
桂N98387,天鹅湖,2021/6/8 19:35
豫GC9173,天鹅湖,2021/6/8 19:23
桂A99762,富民,2021/6/8 19:19
桂A99885,天鹅湖,2021/6/8 19:19
桂P87680,天鹅湖,2021/6/8 19:19
桂K37810,天鹅湖,2021/6/8 19:12
苏CMX628,天鹅湖,2021/6/8 19:04
湘J39326,天鹅湖,2021/6/8 19:03
吉BE0913,天鹅湖,2021/6/8 19:02
赣C3P499,富民,2021/6/8 19:01
赣C3P499,天鹅湖,2021/6/8 18:59
桂F09872,富民,2021/6/8 18:58
桂F09872,天鹅湖,2021/6/8 18:53
桂P10155,天鹅湖,2021/6/8 18:50
桂KB2721,天鹅湖,2021/6/8 18:43
桂N96069,天鹅湖,2021/6/8 18:42
苏GR5519,天鹅湖,2021/6/8 18:34
桂P87696,天鹅湖,2021/6/8 18:34
桂K25786,天鹅湖,2021/6/8 18:30
桂P28223,天鹅湖,2021/6/8 18:30
桂P28296,天鹅湖,2021/6/8 18:29
桂P05007,天鹅湖,2021/6/8 18:27
桂P10738,天鹅湖,2021/6/8 18:26
桂KD5506,天鹅湖,2021/6/8 18:26
桂P13022,天鹅湖,2021/6/8 18:25
桂K23073,天鹅湖,2021/6/8 18:24
桂K23073,富民,2021/6/8 18:21
桂AA2731,天鹅湖,2021/6/8 18:20
桂N38618,天鹅湖,2021/6/8 18:20
赣CAN705,天鹅湖,2021/6/8 18:18
鲁BY6163,富民,2021/6/8 18:10
桂N67908,天鹅湖,2021/6/8 18:08
桂P28078,天鹅湖,2021/6/8 18:05
鲁PR6328,天鹅湖,2021/6/8 18:05
湘AB8390,天鹅湖,2021/6/8 18:03
桂P11589,天鹅湖,2021/6/8 18:02
桂P12187,富民,2021/6/8 17:57
桂AD6055,富民,2021/6/8 17:55
桂P25238,富民,2021/6/8 17:53
鲁FBW386,富民,2021/6/8 17:52
鲁FBW386,天鹅湖,2021/6/8 17:50
豫J93362,富民,2021/6/8 17:48
冀AKU108,富民,2021/6/8 17:41
桂N28273,天鹅湖,2021/6/8 17:41
冀AKU108,天鹅湖,2021/6/8 17:39
桂NB6505,天鹅湖,2021/6/8 17:30
鲁Q636CV,天鹅湖,2021/6/8 17:29
黑JA4916,富民,2021/6/8 17:21
黑JA4916,天鹅湖,2021/6/8 17:18
桂P02868,富民,2021/6/8 17:07
桂P21783,天鹅湖,2021/6/8 17:07
冀FR2289,富民,2021/6/8 17:02
桂P21559,富民,2021/6/8 17:01
冀FR2289,天鹅湖,2021/6/8 17:00
桂P21559,天鹅湖,2021/6/8 16:59
桂AE2788,天鹅湖,2021/6/8 16:58
鲁FBZ921,富民,2021/6/8 16:57
苏CHF026,袁木桂,2021/6/8 16:51
桂ND8930,天鹅湖,2021/6/8 16:50
桂P87669,袁木桂,2021/6/8 16:48
粤BFV532,天鹅湖,2021/6/8 16:48
桂P87669,天鹅湖,2021/6/8 16:46
桂KL8100,天鹅湖,2021/6/8 16:42
鲁PM9736,袁木桂,2021/6/8 16:38
粤GJ8093,天鹅湖,2021/6/8 16:38
鲁PM9736,天鹅湖,2021/6/8 16:34
豫GC9173,袁木桂,2021/6/8 16:32
宁AC2521,天鹅湖,2021/6/8 16:27
豫LJ6539,袁木桂,2021/6/8 16:26
桂AX3827,天鹅湖,2021/6/8 16:24
豫LJ6539,天鹅湖,2021/6/8 16:24
桂P01712,袁木桂,2021/6/8 16:22
豫LK6376,袁木桂,2021/6/8 16:22
辽BYB191,天鹅湖,2021/6/8 16:22
辽BHH360,袁木桂,2021/6/8 16:21
桂AM5565,袁木桂,2021/6/8 16:21
吉AS7749,天鹅湖,2021/6/8 16:19
桂P10798,天鹅湖,2021/6/8 16:19
桂AM5565,天鹅湖,2021/6/8 16:18
桂P15928,袁木桂,2021/6/8 16:15
宁D73998,袁木桂,2021/6/8 16:15
皖LC5004,天鹅湖,2021/6/8 16:12
鲁PN3676,天鹅湖,2021/6/8 16:10
鲁FBZ999,袁木桂,2021/6/8 16:07
桂NB8813,袁木桂,2021/6/8 16:06
桂P20199,袁木桂,2021/6/8 16:06
鲁FBZ999,天鹅湖,2021/6/8 16:05
赣DK2269,袁木桂,2021/6/8 16:04
桂NB8813,天鹅湖,2021/6/8 16:03
桂AC0787,袁木桂,2021/6/8 16:02
辽BHN117,天鹅湖,2021/6/8 15:59
豫NV6565,袁木桂,2021/6/8 15:55
豫NV6565,天鹅湖,2021/6/8 15:52
桂D27865,天鹅湖,2021/6/8 15:52
桂P13015,袁木桂,2021/6/8 15:38
桂P17918,天鹅湖,2021/6/8 15:38
皖KS6356,袁木桂,2021/6/8 15:37
皖KS6356,天鹅湖,2021/6/8 15:35
桂N35556,袁木桂,2021/6/8 15:34
桂N35556,天鹅湖,2021/6/8 15:32
桂P26758,袁木桂,2021/6/8 15:31
桂P02868,区域四,2021/6/8 15:28
鲁Q515CU,袁木桂,2021/6/8 15:24
鲁PD8765,袁木桂,2021/6/8 15:23
浙CD8800,袁木桂,2021/6/8 15:22
鲁Q515CU,区域四,2021/6/8 15:22
桂P20006,区域四,2021/6/8 15:21
吉AP4650,区域四,2021/6/8 15:20
浙CD8800,区域四,2021/6/8 15:20
桂P17006,区域四,2021/6/8 15:17
鲁Q6346H,袁木桂,2021/6/8 15:15
桂P20800,区域四,2021/6/8 15:12
桂N65667,区域四,2021/6/8 15:12
豫LM5551,区域四,2021/6/8 15:11
桂P20800,袁木桂,2021/6/8 15:10
辽BYE098,区域四,2021/6/8 15:07
桂P28882,区域四,2021/6/8 15:06
鲁Q259DB,区域四,2021/6/8 15:06
辽BYE098,袁木桂,2021/6/8 15:05
豫LM5551,袁木桂,2021/6/8 15:04
豫PM0359,区域四,2021/6/8 15:03
皖LB5230,袁木桂,2021/6/8 14:58
豫LN0991,袁木桂,2021/6/8 14:56
豫J93362,区域四,2021/6/8 14:55
桂P89767,区域四,2021/6/8 14:53
桂AP8292,区域四,2021/6/8 14:49
闽AQ0915,袁木桂,2021/6/8 14:48
皖M2C568,袁木桂,2021/6/8 14:46
粤BFV532,袁木桂,2021/6/8 14:46
闽AQ0915,区域四,2021/6/8 14:46
鲁QV8008,袁木桂,2021/6/8 14:44
桂P21891,袁木桂,2021/6/8 14:43
鲁Q6346H,区域四,2021/6/8 14:42
桂N90279,袁木桂,2021/6/8 14:40
桂K26193,区域四,2021/6/8 14:39
桂N90279,区域四,2021/6/8 14:38
川K87977,袁木桂,2021/6/8 14:36
桂KJ9513,袁木桂,2021/6/8 14:34
皖LB5230,区域四,2021/6/8 14:34
川K87977,区域四,2021/6/8 14:33
桂P87650,袁木桂,2021/6/8 14:29
桂K56152,区域四,2021/6/8 14:29
桂E11826,天鹅湖,2021/6/8 14:28
桂E11826,袁木桂,2021/6/8 14:26
桂P26659,袁木桂,2021/6/8 14:26
桂NB3352,袁木桂,2021/6/8 14:24
鲁GY5501,袁木桂,2021/6/8 14:24
桂KV9116,天鹅湖,2021/6/8 14:24
桂P26659,天鹅湖,2021/6/8 14:23
冀EL2959,袁木桂,2021/6/8 14:22
赣A17982,袁木桂,2021/6/8 14:18
桂KM4010,袁木桂,2021/6/8 14:16
粤TA4120,天鹅湖,2021/6/8 14:15
桂AQ9518,天鹅湖,2021/6/8 14:11
桂KW1928,袁木桂,2021/6/8 14:06
桂P85259,袁木桂,2021/6/8 14:05
桂KW1928,天鹅湖,2021/6/8 14:00
桂N85018,天鹅湖,2021/6/8 13:59
桂P87893,天鹅湖,2021/6/8 13:59
桂P21159,天鹅湖,2021/6/8 13:58
冀EH7266,天鹅湖,2021/6/8 13:58
桂KV9729,天鹅湖,2021/6/8 13:55
桂P17006,袁木桂,2021/6/8 13:51
桂P06765,天鹅湖,2021/6/8 13:49
豫J91292,袁木桂,2021/6/8 13:48
桂P20735,天鹅湖,2021/6/8 13:46
桂P10866,天鹅湖,2021/6/8 13:46
桂P21599,袁木桂,2021/6/8 13:43
桂AP7283,袁木桂,2021/6/8 13:41
桂P06765,袁木桂,2021/6/8 13:40
桂AP7283,天鹅湖,2021/6/8 13:39
赣C5F896,袁木桂,2021/6/8 13:38
粤BFS393,袁木桂,2021/6/8 13:38
鲁FAW283,天鹅湖,2021/6/8 13:38
豫LL1318,袁木桂,2021/6/8 13:32
粤BFS393,天鹅湖,2021/6/8 13:32
鲁MCN878,袁木桂,2021/6/8 13:31
桂P10128,天鹅湖,2021/6/8 13:31
桂AV6879,天鹅湖,2021/6/8 13:30
豫LL1318,天鹅湖,2021/6/8 13:30
桂P28255,天鹅湖,2021/6/8 13:29
鲁MCN878,天鹅湖,2021/6/8 13:28
桂K16578,天鹅湖,2021/6/8 13:26
鲁QV8008,天鹅湖,2021/6/8 13:24
冀B8V987,天鹅湖,2021/6/8 13:24
冀B8V987,袁木桂,2021/6/8 13:21
赣C5F896,天鹅湖,2021/6/8 13:21
桂A99885,袁木桂,2021/6/8 13:20
鲁PY8878,袁木桂,2021/6/8 13:20
鲁PY8878,天鹅湖,2021/6/8 13:17
桂P26868,天鹅湖,2021/6/8 13:16
桂KU6558,天鹅湖,2021/6/8 13:16
桂P07911,天鹅湖,2021/6/8 13:16
豫LK6376,天鹅湖,2021/6/8 13:15
豫A8717X,袁木桂,2021/6/8 13:14
桂NB6889,天鹅湖,2021/6/8 13:10
桂KF2292,天鹅湖,2021/6/8 13:09
桂N38733,天鹅湖,2021/6/8 13:09
桂NB6889,袁木桂,2021/6/8 13:07
桂P16109,袁木桂,2021/6/8 13:06
桂P16109,天鹅湖,2021/6/8 13:03
桂P87809,天鹅湖,2021/6/8 13:03
豫A8717X,天鹅湖,2021/6/8 13:03
桂P21556,袁木桂,2021/6/8 13:01
桂P20713,天鹅湖,2021/6/8 12:59
桂NB9710,袁木桂,2021/6/8 12:56
宁D73998,天鹅湖,2021/6/8 12:55
桂NB9710,天鹅湖,2021/6/8 12:54
粤BHJ466,袁木桂,2021/6/8 12:52
粤BHJ466,天鹅湖,2021/6/8 12:50
桂P27939,袁木桂,2021/6/8 12:49
桂E61077,天鹅湖,2021/6/8 12:49
桂KY8603,天鹅湖,2021/6/8 12:48
桂P27939,天鹅湖,2021/6/8 12:48
赣A47286,袁木桂,2021/6/8 12:44
赣A47286,天鹅湖,2021/6/8 12:42
桂N39970,袁木桂,2021/6/8 12:40
桂P21795,袁木桂,2021/6/8 12:40
豫HL9582,天鹅湖,2021/6/8 12:40
桂P26126,天鹅湖,2021/6/8 12:38
桂AV2877,富民,2021/6/8 12:36
冀ET8324,富民,2021/6/8 12:34
冀ET8324,天鹅湖,2021/6/8 12:31
豫KF6186,富民,2021/6/8 12:30
闽AS1793,富民,2021/6/8 12:27
豫KF6186,天鹅湖,2021/6/8 12:27
桂P20613,富民,2021/6/8 12:26
粤T12229,富民,2021/6/8 12:25
闽AS1793,天鹅湖,2021/6/8 12:25
鲁GY5501,天鹅湖,2021/6/8 12:24
粤GJ8093,富民,2021/6/8 12:23
桂P20613,天鹅湖,2021/6/8 12:23
粤T12229,天鹅湖,2021/6/8 12:23
鲁PF8232,天鹅湖,2021/6/8 12:21
粤BFQ053,天鹅湖,2021/6/8 12:20
桂KJ9513,天鹅湖,2021/6/8 12:17
鲁PQ9799,富民,2021/6/8 12:10
辽BYB191,富民,2021/6/8 12:09
桂AQ9817,天鹅湖,2021/6/8 12:09
鲁PQ9799,天鹅湖,2021/6/8 12:08
桂P83883,天鹅湖,2021/6/8 12:08
桂P83883,富民,2021/6/8 12:06
桂NB5057,富民,2021/6/8 11:59
桂AE6692,天鹅湖,2021/6/8 11:54
粤BGH034,富民,2021/6/8 11:53
桂N95832,天鹅湖,2021/6/8 11:53
粤K54470,区域四,2021/6/8 11:53
粤BGH034,区域四,2021/6/8 11:50
桂P21298,区域四,2021/6/8 11:50
桂KK2817,富民,2021/6/8 11:45
桂E03328,袁木桂,2021/6/8 11:45
桂E03328,区域四,2021/6/8 11:43
桂KK2817,区域四,2021/6/8 11:43
皖SE2513,区域四,2021/6/8 11:42
鲁FAW283,富民,2021/6/8 11:39
冀GC0021,富民,2021/6/8 11:38
桂KK0779,富民,2021/6/8 11:37
桂P89198,富民,2021/6/8 11:36
桂KB7955,区域四,2021/6/8 11:36
冀GC0021,区域四,2021/6/8 11:35
桂KK0779,区域四,2021/6/8 11:34
桂P89198,区域四,2021/6/8 11:33
鲁YC7351,富民,2021/6/8 11:29
辽MS0375,富民,2021/6/8 11:29
鲁YC7351,区域四,2021/6/8 11:27
辽MS0375,区域四,2021/6/8 11:27
桂AC0199,区域四,2021/6/8 11:23
冀AAS848,富民,2021/6/8 11:21
冀AAS848,区域四,2021/6/8 11:19
桂AC0879,区域四,2021/6/8 11:16
桂N91856,区域四,2021/6/8 11:15
桂NB9813,富民,2021/6/8 11:10
桂P81085,富民,2021/6/8 11:09
桂NB9813,区域四,2021/6/8 11:08
苏F88078,富民,2021/6/8 11:04
浙B1B602,区域四,2021/6/8 11:03
桂AQ1813,富民,2021/6/8 10:59
桂BJ7533,富民,2021/6/8 10:56
桂P25268,区域四,2021/6/8 10:42
桂BJ7533,区域四,2021/6/8 10:39
湘AG1866,富民,2021/6/8 10:37
湘AG1866,区域四,2021/6/8 10:35
桂P87686,富民,2021/6/8 10:30
桂P26726,区域四,2021/6/8 10:28
苏F88078,区域四,2021/6/8 10:27
闽AR5290,富民,2021/6/8 10:25
桂NB6766,天鹅湖,2021/6/8 10:23
闽AR5290,天鹅湖,2021/6/8 10:22
桂E17336,天鹅湖,2021/6/8 10:22
粤G47669,天鹅湖,2021/6/8 10:22
桂NB7379,天鹅湖,2021/6/8 10:20
鲁V35805,天鹅湖,2021/6/8 10:20
桂KR7233,富民,2021/6/8 10:16
桂P21551,富民,2021/6/8 10:16
桂KR7233,天鹅湖,2021/6/8 10:13
桂P21551,天鹅湖,2021/6/8 10:13
粤BHK272,袁木桂,2021/6/8 10:11
辽CC2884,富民,2021/6/8 10:11
桂P20103,天鹅湖,2021/6/8 10:11
粤BHK272,天鹅湖,2021/6/8 10:09
桂NC6185,富民,2021/6/8 10:05
桂NC6185,天鹅湖,2021/6/8 10:02
桂P53362,天鹅湖,2021/6/8 09:59
桂N80991,富民,2021/6/8 09:56
桂P13081,富民,2021/6/8 09:53
皖LC2766,富民,2021/6/8 09:53
桂N80991,天鹅湖,2021/6/8 09:53
皖LC2766,天鹅湖,2021/6/8 09:50
辽BHH360,天鹅湖,2021/6/8 09:50
桂P27169,天鹅湖,2021/6/8 09:49
桂P08035,天鹅湖,2021/6/8 09:48
桂KK0672,天鹅湖,2021/6/8 09:48
桂P18913,天鹅湖,2021/6/8 09:47
冀GA9756,富民,2021/6/8 09:42
桂P57817,天鹅湖,2021/6/8 09:41
桂P21208,天鹅湖,2021/6/8 09:41
桂P87650,天鹅湖,2021/6/8 09:38
桂P23312,富民,2021/6/8 09:36
辽CC2884,天鹅湖,2021/6/8 09:36
皖LC6120,富民,2021/6/8 09:35
桂P23312,天鹅湖,2021/6/8 09:34
辽ACF606,富民,2021/6/8 09:22
桂KK3386,富民,2021/6/8 09:21
辽ACF606,天鹅湖,2021/6/8 09:20
桂P26683,富民,2021/6/8 09:19
桂KK3386,天鹅湖,2021/6/8 09:19
桂P26683,天鹅湖,2021/6/8 09:17
桂K13572,富民,2021/6/8 09:14
桂P21627,天鹅湖,2021/6/8 09:13
鲁PV9971,富民,2021/6/8 09:12
桂P08817,天鹅湖,2021/6/8 09:11
桂K13572,天鹅湖,2021/6/8 09:11
苏F36703,富民,2021/6/8 09:06
桂P89767,袁木桂,2021/6/8 09:06
苏F89575,富民,2021/6/8 09:02
桂AY9679,天鹅湖,2021/6/8 09:02
苏F89575,天鹅湖,2021/6/8 09:00
苏AV6582,富民,2021/6/8 08:56
桂AP8363,富民,2021/6/8 08:54
苏AV6582,天鹅湖,2021/6/8 08:54
桂AP8363,天鹅湖,2021/6/8 08:52
鲁PQ7160,富民,2021/6/8 08:48
鲁Q925EM,富民,2021/6/8 08:47
桂P01318,天鹅湖,2021/6/8 08:45
鲁PQ7160,天鹅湖,2021/6/8 08:45
鲁Q925EM,天鹅湖,2021/6/8 08:44
桂KL9188,富民,2021/6/8 08:39
桂AE6233,天鹅湖,2021/6/8 08:39
鲁PV9971,天鹅湖,2021/6/8 08:38
桂P21556,天鹅湖,2021/6/8 08:35
桂P81983,富民,2021/6/8 08:30
桂KK1139,天鹅湖,2021/6/8 08:30
桂AE0580,天鹅湖,2021/6/8 08:25
皖LD3794,天鹅湖,2021/6/8 08:21
桂P81983,天鹅湖,2021/6/8 08:19
桂AV9269,富民,2021/6/8 08:14
桂AV9269,天鹅湖,2021/6/8 08:12
冀GA9756,天鹅湖,2021/6/8 08:06
桂E29892,天鹅湖,2021/6/8 08:02
桂AW0307,天鹅湖,2021/6/8 07:59
桂P05297,富民,2021/6/8 07:55
桂P81288,天鹅湖,2021/6/8 07:53
桂P05297,天鹅湖,2021/6/8 07:52
桂P00611,天鹅湖,2021/6/8 07:52
鲁L61397,富民,2021/6/8 07:51
桂AW7125,天鹅湖,2021/6/8 07:49
桂P85129,天鹅湖,2021/6/8 07:49
鲁L61397,天鹅湖,2021/6/8 07:42
桂AC6121,天鹅湖,2021/6/8 07:42
桂NB3689,天鹅湖,2021/6/8 07:29
桂NB6156,天鹅湖,2021/6/8 07:27
闽AG1885,富民,2021/6/8 07:25
鲁PL4029,富民,2021/6/8 07:23
桂P06255,富民,2021/6/8 07:23
桂N33902,天鹅湖,2021/6/8 07:23
闽AG1885,天鹅湖,2021/6/8 07:22
桂P06255,天鹅湖,2021/6/8 07:18
桂KK1572,富民,2021/6/8 07:14
鲁PL4029,天鹅湖,2021/6/8 07:14
桂KK1572,天鹅湖,2021/6/8 07:12
鲁GC0382,富民,2021/6/8 07:03
桂KY6650,富民,2021/6/8 07:02
鲁GC0382,天鹅湖,2021/6/8 07:01
鲁K73396,天鹅湖,2021/6/8 07:01
桂KY6650,天鹅湖,2021/6/8 07:00
桂P01388,天鹅湖,2021/6/8 07:00
桂P18813,富民,2021/6/8 06:48
桂AS3228,袁木桂,2021/6/8 06:07
苏F36703,天鹅湖,2021/6/8 06:07
桂P87608,富民,2021/6/8 05:42
赣CBN922,富民,2021/6/8 05:09
赣CBN922,天鹅湖,2021/6/8 05:07
桂P20816,富民,2021/6/8 05:00
桂AN2886,天鹅湖,2021/6/8 04:19
桂AN2886,富民,2021/6/8 04:16
鲁Q006FH,富民,2021/6/8 03:38
鲁Q006FH,天鹅湖,2021/6/8 03:34
桂P07229,富民,2021/6/8 03:17
桂P21691,天鹅湖,2021/6/8 02:51
桂P21795,天鹅湖,2021/6/8 02:33
鲁Q328LZ,富民,2021/6/8 02:30
桂AQ9681,天鹅湖,2021/6/8 01:47
桂KU5031,天鹅湖,2021/6/8 00:28
桂AQ5813,天鹅湖,2021/6/8 00:23
桂AQ2385,富民,2021/6/8 00:12
桂KL9188,天鹅湖,2021/6/8 00:04
桂KF2305,传奇,2021/6/7 23:58
桂KR3051,富民,2021/6/7 23:57
桂KR3051,天鹅湖,2021/6/7 23:55
鲁PQ3308,富民,2021/6/7 23:52
桂N28897,富民,2021/6/7 23:50
鲁PQ3308,天鹅湖,2021/6/7 23:49
冀A1093Y,富民,2021/6/7 23:44
冀A1093Y,天鹅湖,2021/6/7 23:42
桂KF2305,天鹅湖,2021/6/7 23:41
桂P11263,天鹅湖,2021/6/7 23:28
桂N92999,天鹅湖,2021/6/7 23:21
桂P87232,富民,2021/6/7 23:00
桂N68806,传奇,2021/6/7 22:44
皖KS5852,天鹅湖,2021/6/7 22:29
鲁NE0541,天鹅湖,2021/6/7 22:23
桂P20009,富民,2021/6/7 22:20
桂P20009,天鹅湖,2021/6/7 22:17
桂N95772,天鹅湖,2021/6/7 22:13
桂P06583,天鹅湖,2021/6/7 22:02
桂P59218,天鹅湖,2021/6/7 22:01
桂C60891,富民,2021/6/7 21:52
黑CA6758,天鹅湖,2021/6/7 21:48
桂P21383,天鹅湖,2021/6/7 21:42
桂AV7615,天鹅湖,2021/6/7 21:42
桂N33819,传奇,2021/6/7 21:31
赣C2527W,天鹅湖,2021/6/7 21:29
鲁PV9073,天鹅湖,2021/6/7 21:26
冀ER8579,天鹅湖,2021/6/7 21:23
桂K38575,天鹅湖,2021/6/7 21:11
桂N87397,富民,2021/6/7 21:09
桂N68806,天鹅湖,2021/6/7 21:01
桂P25833,天鹅湖,2021/6/7 20:44
桂AS3228,天鹅湖,2021/6/7 20:40
桂P13918,天鹅湖,2021/6/7 20:29
豫HJ4607,富民,2021/6/7 20:18
渝DV6888,袁木桂,2021/6/7 20:17
桂P85533,袁木桂,2021/6/7 20:14
渝DV6888,天鹅湖,2021/6/7 20:14
鲁PQ1020,天鹅湖,2021/6/7 20:10
桂N27178,袁木桂,2021/6/7 20:09
桂N60730,袁木桂,2021/6/7 20:09
桂N27178,天鹅湖,2021/6/7 20:07
桂N60730,天鹅湖,2021/6/7 20:07
桂K12192,天鹅湖,2021/6/7 20:06
桂P20969,袁木桂,2021/6/7 20:04
桂N33819,天鹅湖,2021/6/7 20:04
桂P11321,天鹅湖,2021/6/7 20:03
粤KP8259,区域四,2021/6/7 19:59
桂P25252,区域四,2021/6/7 19:59
桂N62568,传奇,2021/6/7 19:56
浙J19815,袁木桂,2021/6/7 19:56
鲁Q656FR,区域四,2021/6/7 19:56
桂P07229,区域四,2021/6/7 19:56
浙J19815,区域四,2021/6/7 19:54
粤U03327,袁木桂,2021/6/7 19:53
桂N86611,袁木桂,2021/6/7 19:52
粤U03327,区域四,2021/6/7 19:51
桂N86611,区域四,2021/6/7 19:50
桂P23336,袁木桂,2021/6/7 19:49
桂P08131,传奇,2021/6/7 19:45
桂P87216,袁木桂,2021/6/7 19:43
桂P27168,区域四,2021/6/7 19:42
鲁QH7180,袁木桂,2021/6/7 19:41
鲁Q9717H,袁木桂,2021/6/7 19:39
桂P16922,袁木桂,2021/6/7 19:36
桂KL5352,区域四,2021/6/7 19:32
桂P05197,袁木桂,2021/6/7 19:31
桂N83701,区域四,2021/6/7 19:31
沪EP2232,区域四,2021/6/7 19:30
豫HJ4607,区域四,2021/6/7 19:28
桂KK0736,袁木桂,2021/6/7 19:26
黑AS9623,区域四,2021/6/7 19:25
桂P08131,区域四,2021/6/7 19:24
桂N87360,袁木桂,2021/6/7 19:23
鲁PT9178,袁木桂,2021/6/7 19:23
鲁PT9178,区域四,2021/6/7 19:21
桂N91856,袁木桂,2021/6/7 19:18
桂P20258,区域四,2021/6/7 19:13
桂KM4010,区域四,2021/6/7 19:13
桂AQ1813,区域四,2021/6/7 19:11
桂P27818,区域四,2021/6/7 19:10
桂P12770,传奇,2021/6/7 19:04
桂KK3387,区域四,2021/6/7 19:04
桂NC1368,区域四,2021/6/7 19:04
桂N62568,区域四,2021/6/7 19:02
桂KK3387,袁木桂,2021/6/7 19:01
苏AN6206,区域四,2021/6/7 18:59
皖AG3667,天鹅湖,2021/6/7 18:55
黑CA6758,袁木桂,2021/6/7 18:53
桂N66597,袁木桂,2021/6/7 18:53
浙B87F66,天鹅湖,2021/6/7 18:53
桂P28202,天鹅湖,2021/6/7 18:47
桂N68787,传奇,2021/6/7 18:46
桂P20758,袁木桂,2021/6/7 18:46
桂P28206,袁木桂,2021/6/7 18:45
桂P12770,袁木桂,2021/6/7 18:45
桂N68787,天鹅湖,2021/6/7 18:41
桂P85082,袁木桂,2021/6/7 18:39
桂AP5135,传奇,2021/6/7 18:37
桂KL6231,袁木桂,2021/6/7 18:36
桂P51189,天鹅湖,2021/6/7 18:35
桂E16765,天鹅湖,2021/6/7 18:35
桂KL6231,天鹅湖,2021/6/7 18:33
桂P12187,天鹅湖,2021/6/7 18:31
桂P81650,传奇,2021/6/7 18:30
鄂AAA262,天鹅湖,2021/6/7 18:30
鲁BY9683,天鹅湖,2021/6/7 18:29
桂NC9668,天鹅湖,2021/6/7 18:28
鲁BY9683,袁木桂,2021/6/7 18:26
桂N97333,天鹅湖,2021/6/7 18:21
桂P87608,天鹅湖,2021/6/7 18:18
桂AP5135,天鹅湖,2021/6/7 18:17
桂P55109,传奇,2021/6/7 18:16
鲁VC2375,袁木桂,2021/6/7 18:14
辽HK7680,袁木桂,2021/6/7 18:13
鲁PZ5632,天鹅湖,2021/6/7 18:10
辽HK7680,天鹅湖,2021/6/7 18:08
渝BX0220,天鹅湖,2021/6/7 18:05
桂P06289,袁木桂,2021/6/7 18:03
桂P55109,天鹅湖,2021/6/7 18:03
桂P81650,天鹅湖,2021/6/7 18:03
粤BFN935,天鹅湖,2021/6/7 17:59
桂AD1837,天鹅湖,2021/6/7 17:58
桂P21018,天鹅湖,2021/6/7 17:58
豫LN0991,天鹅湖,2021/6/7 17:58
桂KK0328,天鹅湖,2021/6/7 17:52
鄂DA4978,袁木桂,2021/6/7 17:47
鲁PZ3131,袁木桂,2021/6/7 17:45
鲁PZ3131,天鹅湖,2021/6/7 17:42
桂N92659,传奇,2021/6/7 17:40
桂KY5939,天鹅湖,2021/6/7 17:40
豫N82B0B,袁木桂,2021/6/7 17:39
粤AFA609,袁木桂,2021/6/7 17:36
鲁PL0059,袁木桂,2021/6/7 17:36
冀A0A320,天鹅湖,2021/6/7 17:36
粤T17619,天鹅湖,2021/6/7 17:36
豫N82B0B,天鹅湖,2021/6/7 17:34
鲁RQ1808,天鹅湖,2021/6/7 17:33
桂AV2877,天鹅湖,2021/6/7 17:31
桂N92659,天鹅湖,2021/6/7 17:30
粤AFA609,天鹅湖,2021/6/7 17:30
京AMR787,天鹅湖,2021/6/7 17:29
桂AF9768,袁木桂,2021/6/7 17:28
桂E08395,袁木桂,2021/6/7 17:27
皖KS5852,袁木桂,2021/6/7 17:24
桂E08395,天鹅湖,2021/6/7 17:24
鄂FFV760,袁木桂,2021/6/7 17:20
桂KK0316,天鹅湖,2021/6/7 17:20
鄂FFV760,天鹅湖,2021/6/7 17:16
桂KY2207,袁木桂,2021/6/7 17:13
桂P21885,袁木桂,2021/6/7 17:11
鲁PL0059,天鹅湖,2021/6/7 17:11
桂P21885,天鹅湖,2021/6/7 17:09
桂D23159,天鹅湖,2021/6/7 17:06
浙B87F66,袁木桂,2021/6/7 17:01
桂AF5653,天鹅湖,2021/6/7 16:58
桂P20639,天鹅湖,2021/6/7 16:58
桂K19873,天鹅湖,2021/6/7 16:57
桂NB6085,天鹅湖,2021/6/7 16:57
桂AB8833,天鹅湖,2021/6/7 16:57
闽F98992,天鹅湖,2021/6/7 16:54
桂K29328,天鹅湖,2021/6/7 16:53
桂KU7780,袁木桂,2021/6/7 16:48
桂P25279,天鹅湖,2021/6/7 16:46
桂KU7780,天鹅湖,2021/6/7 16:45
桂P11266,天鹅湖,2021/6/7 16:45
桂P19867,袁木桂,2021/6/7 16:44
桂K37223,袁木桂,2021/6/7 16:40
桂K63099,天鹅湖,2021/6/7 16:40
桂AF5653,袁木桂,2021/6/7 16:39
鲁PN8227,天鹅湖,2021/6/7 16:39
辽D53439,天鹅湖,2021/6/7 16:36
桂KF3231,天鹅湖,2021/6/7 16:35
桂AQ5862,袁木桂,2021/6/7 16:32
鲁Q692GK,袁木桂,2021/6/7 16:31
桂AQ5862,天鹅湖,2021/6/7 16:30
鲁Q692GK,天鹅湖,2021/6/7 16:29
鲁YC7287,袁木桂,2021/6/7 16:28
桂KF3652,天鹅湖,2021/6/7 16:26
桂KZ0285,天鹅湖,2021/6/7 16:25
桂P06289,天鹅湖,2021/6/7 16:13
桂P25229,袁木桂,2021/6/7 16:12
鲁Q01H68,天鹅湖,2021/6/7 16:10
豫LM8317,天鹅湖,2021/6/7 16:08
桂P27668,袁木桂,2021/6/7 16:07
桂E09888,天鹅湖,2021/6/7 16:05
鲁FV9963,袁木桂,2021/6/7 16:04
渝BY8619,袁木桂,2021/6/7 16:04
豫K38166,袁木桂,2021/6/7 16:02
渝A98872,天鹅湖,2021/6/7 16:01
渝BY8619,天鹅湖,2021/6/7 16:01
鲁L61633,天鹅湖,2021/6/7 16:01
桂KH3610,袁木桂,2021/6/7 15:58
桂P21786,袁木桂,2021/6/7 15:57
桂KH3610,天鹅湖,2021/6/7 15:55
桂KK1807,天鹅湖,2021/6/7 15:54
鲁FV9963,区域五,2021/6/7 15:54
苏CKL602,袁木桂,2021/6/7 15:53
鲁PN9153,袁木桂,2021/6/7 15:53
桂KF3652,袁木桂,2021/6/7 15:53
苏CKL602,区域五,2021/6/7 15:51
皖M1A677,区域五,2021/6/7 15:51
鲁PN9153,区域五,2021/6/7 15:51
桂P81999,区域五,2021/6/7 15:47
鲁Q070AR,区域五,2021/6/7 15:46
桂KY0302,袁木桂,2021/6/7 15:45
豫LL3965,袁木桂,2021/6/7 15:44
桂P21085,袁木桂,2021/6/7 15:43
桂KY0302,区域五,2021/6/7 15:43
豫LL3965,区域五,2021/6/7 15:42
桂P21085,区域五,2021/6/7 15:41
苏ERD817,袁木桂,2021/6/7 15:40
苏ERD817,区域五,2021/6/7 15:38
桂P86959,区域五,2021/6/7 15:35
桂P87872,袁木桂,2021/6/7 15:33
桂P12012,袁木桂,2021/6/7 15:33
苏CHK016,袁木桂,2021/6/7 15:33
桂P81813,区域五,2021/6/7 15:33
桂P87872,区域五,2021/6/7 15:31
豫K38166,区域五,2021/6/7 15:30
桂P28238,区域五,2021/6/7 15:26
黑BN2156,袁木桂,2021/6/7 15:25
辽J31221,袁木桂,2021/6/7 15:23
黑BN2156,区域五,2021/6/7 15:23
辽J31221,区域五,2021/6/7 15:21
豫LJ1722,袁木桂,2021/6/7 15:19
桂P20580,袁木桂,2021/6/7 15:18
桂E05236,区域五,2021/6/7 15:16
桂P32569,区域五,2021/6/7 15:15
桂E05236,袁木桂,2021/6/7 15:14
桂P27111,区域五,2021/6/7 15:14
桂AM9116,区域五,2021/6/7 15:14
桂P12770,区域五,2021/6/7 15:13
桂P27111,袁木桂,2021/6/7 15:12
豫RR7557,区域五,2021/6/7 15:10
桂P23918,袁木桂,2021/6/7 15:09
豫CN8578,区域五,2021/6/7 15:07
桂P23918,区域五,2021/6/7 15:07
豫CN8578,袁木桂,2021/6/7 15:04
桂FA6936,袁木桂,2021/6/7 14:59
豫RX1296,袁木桂,2021/6/7 14:59
桂C88173,袁木桂,2021/6/7 14:59
桂N95556,袁木桂,2021/6/7 14:58
桂E05939,袁木桂,2021/6/7 14:57
桂FA6936,区域五,2021/6/7 14:57
桂C88173,区域五,2021/6/7 14:57
豫RX1296,区域五,2021/6/7 14:57
桂K62688,区域五,2021/6/7 14:56
鲁BY6163,区域五,2021/6/7 14:54
桂K79609,区域五,2021/6/7 14:47
桂P57891,区域五,2021/6/7 14:44
桂K38691,传奇,2021/6/7 14:41
桂P86955,区域五,2021/6/7 14:41
桂P51189,袁木桂,2021/6/7 14:39
桂P86955,袁木桂,2021/6/7 14:39
鲁Q787BZ,袁木桂,2021/6/7 14:39
桂N38978,区域五,2021/6/7 14:39
桂P18900,区域五,2021/6/7 14:38
桂P21115,袁木桂,2021/6/7 14:37
桂P26685,区域五,2021/6/7 14:37
桂KH9658,袁木桂,2021/6/7 14:35
鲁Q787BZ,区域五,2021/6/7 14:35
桂P18900,袁木桂,2021/6/7 14:34
桂KH9658,区域五,2021/6/7 14:33
豫LK2631,袁木桂,2021/6/7 14:32
桂KA8729,区域五,2021/6/7 14:31
豫LK2631,区域五,2021/6/7 14:30
桂E16792,区域五,2021/6/7 14:30
桂K38691,袁木桂,2021/6/7 14:29
桂P21115,区域五,2021/6/7 14:29
桂P23396,袁木桂,2021/6/7 14:28
桂E16792,袁木桂,2021/6/7 14:27
鲁PS7915,区域五,2021/6/7 14:27
桂P16916,区域五,2021/6/7 14:26
豫LF6058,袁木桂,2021/6/7 14:25
桂P19867,区域五,2021/6/7 14:25
苏CHK016,区域五,2021/6/7 14:24
豫LF6058,区域五,2021/6/7 14:24
辽HE1253,区域五,2021/6/7 14:23
冀D7D159,区域五,2021/6/7 14:18
桂N53963,袁木桂,2021/6/7 14:17
桂P17939,区域五,2021/6/7 14:16
桂AW9777,区域五,2021/6/7 14:15
豫LK0381,袁木桂,2021/6/7 14:14
桂CJ8170,袁木桂,2021/6/7 14:12
豫LK0381,区域五,2021/6/7 14:12
鲁FCL329,袁木桂,2021/6/7 14:11
桂N82627,区域五,2021/6/7 14:11
鲁FBJ805,区域五,2021/6/7 14:10
赣DK2269,区域五,2021/6/7 14:10
桂CJ8170,区域五,2021/6/7 14:10
赣CQ9993,袁木桂,2021/6/7 14:09
鲁FCL329,区域五,2021/6/7 14:09
桂N82627,袁木桂,2021/6/7 14:08
粤GJ3197,区域五,2021/6/7 14:08
桂P28158,袁木桂,2021/6/7 14:07
桂P87687,区域五,2021/6/7 14:04
鲁FBG111,袁木桂,2021/6/7 14:03
桂P87687,袁木桂,2021/6/7 14:02
桂NC1389,袁木桂,2021/6/7 14:02
桂P21028,区域五,2021/6/7 14:02
桂NC1389,区域五,2021/6/7 14:00
桂K88352,区域五,2021/6/7 14:00
鲁FBG111,区域五,2021/6/7 13:59
桂A88686,区域五,2021/6/7 13:58
桂K38691,区域五,2021/6/7 13:57
桂N53963,区域五,2021/6/7 13:55
桂P11263,袁木桂,2021/6/7 13:54
桂KY9126,天鹅湖,2021/6/7 13:54
桂AQ5790,天鹅湖,2021/6/7 13:53
闽AR3935,袁木桂,2021/6/7 13:52
桂AE6692,袁木桂,2021/6/7 13:52
闽AR3935,天鹅湖,2021/6/7 13:49
桂P20768,袁木桂,2021/6/7 13:44
桂KR9551,天鹅湖,2021/6/7 13:44
桂P23379,天鹅湖,2021/6/7 13:43
赣CX8228,袁木桂,2021/6/7 13:42
桂AF1988,袁木桂,2021/6/7 13:40
桂P87232,天鹅湖,2021/6/7 13:38
湘AJ9670,袁木桂,2021/6/7 13:37
桂AF1988,天鹅湖,2021/6/7 13:37
桂P20768,天鹅湖,2021/6/7 13:37
辽P27070,袁木桂,2021/6/7 13:36
桂P19873,袁木桂,2021/6/7 13:36
桂AQ1392,天鹅湖,2021/6/7 13:36
湘AJ9670,天鹅湖,2021/6/7 13:36
桂N55206,袁木桂,2021/6/7 13:33
桂P23316,袁木桂,2021/6/7 13:33
桂D28429,天鹅湖,2021/6/7 13:33
桂D28429,袁木桂,2021/6/7 13:31
辽P27070,天鹅湖,2021/6/7 13:31
桂AE6336,天鹅湖,2021/6/7 13:30
桂P21882,袁木桂,2021/6/7 13:29
桂KY2207,天鹅湖,2021/6/7 13:27
桂P87698,天鹅湖,2021/6/7 13:25
桂P21882,天鹅湖,2021/6/7 13:25
桂P11269,天鹅湖,2021/6/7 13:24
赣CH9037,天鹅湖,2021/6/7 13:23
桂P11269,袁木桂,2021/6/7 13:22
桂KK2671,天鹅湖,2021/6/7 13:19
桂KB1970,袁木桂,2021/6/7 13:18
桂E58105,袁木桂,2021/6/7 13:16
桂KB1970,天鹅湖,2021/6/7 13:16
鲁Q6573H,袁木桂,2021/6/7 13:13
桂P13081,天鹅湖,2021/6/7 13:13
桂P26678,天鹅湖,2021/6/7 13:12
吉CH1708,天鹅湖,2021/6/7 13:12
桂P21809,袁木桂,2021/6/7 13:11
鲁Q9717H,天鹅湖,2021/6/7 13:08
桂P15956,袁木桂,2021/6/7 13:07
桂P81085,天鹅湖,2021/6/7 13:07
桂E05939,天鹅湖,2021/6/7 13:07
桂K96762,天鹅湖,2021/6/7 13:06
桂AS1882,天鹅湖,2021/6/7 13:06
赣K66833,袁木桂,2021/6/7 13:05
桂P85016,袁木桂,2021/6/7 13:04
鲁Q259DB,袁木桂,2021/6/7 13:04
桂P15956,天鹅湖,2021/6/7 13:04
桂P07668,袁木桂,2021/6/7 13:03
桂P85533,天鹅湖,2021/6/7 13:03
桂NB3352,天鹅湖,2021/6/7 13:03
桂P07668,天鹅湖,2021/6/7 13:01
桂N27962,袁木桂,2021/6/7 13:00
桂KB8991,袁木桂,2021/6/7 12:59
桂N55206,天鹅湖,2021/6/7 12:59
桂N27962,天鹅湖,2021/6/7 12:57
鲁PH1203,天鹅湖,2021/6/7 12:55
桂E58105,天鹅湖,2021/6/7 12:52
鲁FAM870,袁木桂,2021/6/7 12:50
桂AE0515,天鹅湖,2021/6/7 12:50
豫J91292,天鹅湖,2021/6/7 12:50
桂N61066,天鹅湖,2021/6/7 12:48
豫GB8991,天鹅湖,2021/6/7 12:48
鲁FAM870,天鹅湖,2021/6/7 12:48
桂N61066,袁木桂,2021/6/7 12:45
桂KL9280,富民,2021/6/7 12:45
桂P21599,天鹅湖,2021/6/7 12:45
桂KL9280,天鹅湖,2021/6/7 12:43
桂P28329,富民,2021/6/7 12:37
豫A1870R,富民,2021/6/7 12:37
冀ER8579,富民,2021/6/7 12:36
桂KV2137,富民,2021/6/7 12:35
桂P28329,天鹅湖,2021/6/7 12:35
桂KB8203,富民,2021/6/7 12:34
豫A1870R,天鹅湖,2021/6/7 12:34
桂AV6576,富民,2021/6/7 12:33
赣C6C681,富民,2021/6/7 12:32
桂KB8203,天鹅湖,2021/6/7 12:32
桂P21007,天鹅湖,2021/6/7 12:31
桂NB3056,天鹅湖,2021/6/7 12:30
赣C6C681,天鹅湖,2021/6/7 12:29
冀EL8138,天鹅湖,2021/6/7 12:29
桂KV2137,天鹅湖,2021/6/7 12:27
桂KB8991,天鹅湖,2021/6/7 12:24
桂P25259,天鹅湖,2021/6/7 12:23
桂N31378,天鹅湖,2021/6/7 12:23
鲁Q119GX,富民,2021/6/7 12:20
鄂ADV286,富民,2021/6/7 12:19
冀D7C815,天鹅湖,2021/6/7 12:19
鄂ADV286,天鹅湖,2021/6/7 12:16
桂P05197,天鹅湖,2021/6/7 12:16
鲁Q119GX,天鹅湖,2021/6/7 12:16
桂KJ9922,天鹅湖,2021/6/7 12:15
桂AQ1516,富民,2021/6/7 12:14
豫LN7777,富民,2021/6/7 12:11
桂AQ1516,天鹅湖,2021/6/7 12:10
鲁PQ1020,富民,2021/6/7 12:09
桂AF8175,富民,2021/6/7 12:09
豫LN7777,天鹅湖,2021/6/7 12:09
桂P25256,富民,2021/6/7 12:07
桂NB5995,天鹅湖,2021/6/7 12:07
桂AD7511,天鹅湖,2021/6/7 12:07
桂AF8175,天鹅湖,2021/6/7 12:07
桂P20969,天鹅湖,2021/6/7 12:06
桂AD7511,富民,2021/6/7 12:05
桂P25256,天鹅湖,2021/6/7 12:05
鲁Q278AP,富民,2021/6/7 12:04
桂P20939,富民,2021/6/7 11:55
鲁VL5186,富民,2021/6/7 11:55
豫LJ1722,天鹅湖,2021/6/7 11:55
桂P20939,天鹅湖,2021/6/7 11:53
鲁VL5186,天鹅湖,2021/6/7 11:53
桂P06169,天鹅湖,2021/6/7 11:52
桂P19959,天鹅湖,2021/6/7 11:51
桂P21812,传奇,2021/6/7 11:47
粤BMZ550,富民,2021/6/7 11:46
桂P21812,天鹅湖,2021/6/7 11:45
粤BMZ550,天鹅湖,2021/6/7 11:44
桂P81716,富民,2021/6/7 11:43
桂KR7845,富民,2021/6/7 11:41
桂P81716,天鹅湖,2021/6/7 11:41
皖CC7093,富民,2021/6/7 11:38
桂KR7845,天鹅湖,2021/6/7 11:38
皖CC7093,天鹅湖,2021/6/7 11:33
鲁QH7180,天鹅湖,2021/6/7 11:30
桂P08539,富民,2021/6/7 11:29
桂NB2879,传奇,2021/6/7 11:27
豫RCR872,富民,2021/6/7 11:20
粤BFN935,富民,2021/6/7 11:15
桂AW9777,富民,2021/6/7 11:14
苏CDV829,富民,2021/6/7 11:09
川K69175,富民,2021/6/7 10:58
桂P58929,富民,2021/6/7 10:57
渝BX0220,富民,2021/6/7 10:51
桂AZ7723,富民,2021/6/7 10:49
豫J97652,富民,2021/6/7 10:46
辽HE1253,富民,2021/6/7 10:44
桂E28023,区域三,2021/6/7 10:39
桂AW3219,区域三,2021/6/7 10:33
鲁PM9096,区域三,2021/6/7 10:30
桂E22186,区域三,2021/6/7 10:30
桂AN8788,区域三,2021/6/7 10:29
沪EF3503,区域三,2021/6/7 10:27
桂P21097,区域三,2021/6/7 10:26
桂P21087,区域三,2021/6/7 10:26
桂NC6625,区域三,2021/6/7 10:25
豫NC7327,区域三,2021/6/7 10:25
晋M83186,区域三,2021/6/7 10:20
云F71937,区域三,2021/6/7 10:12
桂NB7961,区域三,2021/6/7 10:11
桂P21050,区域三,2021/6/7 10:09
桂K26802,区域三,2021/6/7 10:01
粤G46157,区域三,2021/6/7 10:01
桂KK1878,区域三,2021/6/7 09:52
桂KW8128,传奇,2021/6/7 09:39
粤BGR769,区域三,2021/6/7 09:39
桂KG5269,区域三,2021/6/7 09:37
桂KB6735,区域三,2021/6/7 09:34
桂E62089,区域三,2021/6/7 09:28
鲁Q297JT,区域三,2021/6/7 09:23
苏CHM306,区域三,2021/6/7 09:23
豫L8A699,区域三,2021/6/7 09:22
鲁PN8227,区域三,2021/6/7 09:21
桂KL5352,区域三,2021/6/7 09:19
桂P87660,区域三,2021/6/7 09:16
桂P86939,区域三,2021/6/7 09:07
赣CQ9993,传奇,2021/6/7 09:01
豫JB0992,区域三,2021/6/7 08:55
鲁Q665DB,区域三,2021/6/7 08:54
皖KS5068,区域三,2021/6/7 08:53
桂D23159,区域三,2021/6/7 08:42
豫A9928J,区域三,2021/6/7 08:39
冀T85065,区域三,2021/6/7 08:37
桂AW5857,区域三,2021/6/7 08:36
桂N39983,区域三,2021/6/7 08:35
桂N98287,区域三,2021/6/7 08:20
桂P13126,区域三,2021/6/7 08:11
鲁Q007BL,区域三,2021/6/7 08:05
浙B0L206,区域三,2021/6/7 07:52
桂N15715,区域三,2021/6/7 07:51
津AZ5379,区域三,2021/6/7 07:46
赣D65850,区域三,2021/6/7 07:35
鲁FDW678,区域三,2021/6/7 07:31
鄂APV562,区域三,2021/6/7 07:08
桂F00309,区域三,2021/6/7 07:08
鲁Q620EU,区域三,2021/6/7 07:06
桂P51616,区域三,2021/6/7 07:04
桂P19856,区域三,2021/6/7 07:04
桂AF8672,区域三,2021/6/7 07:01
鲁FBZ639,区域三,2021/6/7 06:45
鲁PS2556,区域三,2021/6/7 06:44
皖KQ7823,区域三,2021/6/7 06:37
桂P18801,区域三,2021/6/7 06:36
桂P26613,区域三,2021/6/7 06:33
桂P09385,区域三,2021/6/7 06:29
黑AN5718,区域三,2021/6/7 06:27
鲁V35368,区域三,2021/6/7 06:22
桂NB2879,区域三,2021/6/7 06:13
桂P25833,区域三,2021/6/7 06:10
辽HP9618,区域三,2021/6/7 06:10
粤GM8850,区域三,2021/6/7 06:03
桂P80178,区域三,2021/6/7 05:43
桂P12915,区域三,2021/6/7 05:36
鲁PV9168,区域三,2021/6/7 05:32
桂P26129,区域三,2021/6/7 05:31
桂P26158,区域三,2021/6/7 05:31
桂P15888,区域三,2021/6/7 05:25
豫D98609,区域三,2021/6/7 05:20
桂KK3320,区域三,2021/6/7 04:47
桂P10539,区域三,2021/6/7 04:06
桂N97576,区域三,2021/6/7 03:48
桂AE2957,区域三,2021/6/7 03:35
桂K38897,区域三,2021/6/7 03:05
桂P28223,区域三,2021/6/7 02:59
桂AM3808,区域三,2021/6/7 02:16
桂P10866,区域三,2021/6/7 01:34
桂N28788,区域三,2021/6/7 00:46
桂P28255,区域三,2021/6/7 00:34
桂KA9075,区域三,2021/6/7 00:09
桂K26193,区域三,2021/6/6 23:56
鲁PR6328,区域三,2021/6/6 23:52
桂KP5025,富民,2021/6/6 23:36
桂NB6505,富民,2021/6/6 23:30
赣C6529W,富民,2021/6/6 23:24
桂KK2833,富民,2021/6/6 23:23
鲁QD8356,富民,2021/6/6 23:22
桂P13011,富民,2021/6/6 23:06
桂NC3518,富民,2021/6/6 22:39
赣C5349U,富民,2021/6/6 22:34
桂P32569,富民,2021/6/6 22:29
桂KB2721,富民,2021/6/6 22:25
桂P20713,富民,2021/6/6 22:22
桂P11267,富民,2021/6/6 22:04
晋KH171X,富民,2021/6/6 22:01
辽ACF918,富民,2021/6/6 22:01
冀A480AU,富民,2021/6/6 21:29
沪DT0180,富民,2021/6/6 21:18
桂P20129,富民,2021/6/6 21:16
桂P15559,富民,2021/6/6 21:16
桂E61682,富民,2021/6/6 20:46
桂P12155,富民,2021/6/6 20:30
豫RR7557,富民,2021/6/6 20:22
桂P26126,富民,2021/6/6 20:10
桂N28273,富民,2021/6/6 20:00
桂P26718,富民,2021/6/6 19:38
桂P21633,富民,2021/6/6 19:35
桂P26189,富民,2021/6/6 19:29
苏GR5519,富民,2021/6/6 19:28
桂P25236,富民,2021/6/6 19:23
豫K26999,富民,2021/6/6 19:20
桂KR5713,富民,2021/6/6 19:20
鲁PL4456,富民,2021/6/6 19:10
鲁PQ0766,富民,2021/6/6 19:02
桂AA2731,富民,2021/6/6 18:39
桂P26650,富民,2021/6/6 18:26
赣CH3419,富民,2021/6/6 18:16
闽AR2732,富民,2021/6/6 18:12
桂K32602,富民,2021/6/6 18:11
鲁PM7633,富民,2021/6/6 18:05
桂AE2788,富民,2021/6/6 18:02
桂AB8183,富民,2021/6/6 18:01
桂P18638,富民,2021/6/6 17:58
桂K77825,区域三,2021/6/6 17:55
鄂AAA262,区域三,2021/6/6 17:52
桂P16632,区域三,2021/6/6 17:50
桂P19836,区域三,2021/6/6 17:44
豫LN7388,区域三,2021/6/6 17:38
冀EH2122,区域三,2021/6/6 17:35
冀A3840W,区域三,2021/6/6 17:32
桂P21812,区域三,2021/6/6 17:30
沪EQ8535,区域三,2021/6/6 17:29
鲁PU7603,区域三,2021/6/6 17:26
桂P06598,区域三,2021/6/6 17:25
赣CC4986,区域三,2021/6/6 17:22
桂KP4419,区域三,2021/6/6 17:20
桂P18913,区域三,2021/6/6 17:19
桂P86969,区域三,2021/6/6 17:18
苏JQ1536,区域三,2021/6/6 17:13
鲁H33L07,区域三,2021/6/6 17:12
辽ABL606,区域三,2021/6/6 17:11
湘N66108,区域三,2021/6/6 17:08
桂N96116,区域三,2021/6/6 17:02
鲁Q970EY,区域三,2021/6/6 16:58
桂P02668,区域三,2021/6/6 16:56
桂P82198,区域三,2021/6/6 16:54
鲁FBA667,富民,2021/6/6 16:54
桂NC1368,富民,2021/6/6 16:50
桂AA8532,富民,2021/6/6 16:50
辽ACY329,富民,2021/6/6 16:48
湘J38998,富民,2021/6/6 16:47
鲁FBL982,富民,2021/6/6 16:42
桂P26118,富民,2021/6/6 16:42
桂P03082,富民,2021/6/6 16:34
浙J26303,富民,2021/6/6 16:32
桂P05359,富民,2021/6/6 16:30
鲁PN3729,富民,2021/6/6 16:21
桂P09356,富民,2021/6/6 16:20
桂P01990,富民,2021/6/6 16:18
桂P22337,富民,2021/6/6 16:15
桂P87888,富民,2021/6/6 16:09
辽GH8692,富民,2021/6/6 16:08
桂AD9691,富民,2021/6/6 16:07
鲁Q128DG,富民,2021/6/6 16:05
桂P13115,富民,2021/6/6 16:01
桂P13152,富民,2021/6/6 16:01
鲁NE0541,富民,2021/6/6 16:01
桂K76778,传奇,2021/6/6 15:59
桂K76778,富民,2021/6/6 15:56
鲁FCP102,富民,2021/6/6 15:55
桂P18832,富民,2021/6/6 15:51
鲁Q376DH,富民,2021/6/6 15:50
桂KR6268,富民,2021/6/6 15:48
桂P12018,富民,2021/6/6 15:47
辽HE2331,富民,2021/6/6 15:46
苏MAA935,富民,2021/6/6 15:44
粤TA4120,富民,2021/6/6 15:39
苏NEG832,富民,2021/6/6 15:37
桂P02571,富民,2021/6/6 15:36
桂P86689,富民,2021/6/6 15:34
桂P81999,富民,2021/6/6 15:28
苏CKZ725,富民,2021/6/6 15:25
桂P20828,富民,2021/6/6 15:22
鲁FW0693,富民,2021/6/6 15:21
桂C20839,区域三,2021/6/6 15:16
桂P11321,区域三,2021/6/6 15:09
桂AQ3299,区域三,2021/6/6 15:09
桂KZ2837,区域三,2021/6/6 15:07
桂K10065,区域三,2021/6/6 15:04
赣C5521X,区域三,2021/6/6 14:56
桂P29555,区域三,2021/6/6 14:50
桂P87889,区域三,2021/6/6 14:49
桂N85018,区域三,2021/6/6 14:48
桂N99881,区域三,2021/6/6 14:45
辽BHC781,区域三,2021/6/6 14:41
桂KL5398,区域三,2021/6/6 14:40
鲁PN9669,区域三,2021/6/6 14:38
桂P12885,区域三,2021/6/6 14:38
湘AB8390,区域三,2021/6/6 14:37
鲁PV9073,区域三,2021/6/6 14:35
豫K14855,区域三,2021/6/6 14:28
豫LK3883,区域三,2021/6/6 14:24
桂NB2888,区域三,2021/6/6 14:23
桂KJ0901,区域三,2021/6/6 14:15
鲁PQ2369,区域三,2021/6/6 14:14
苏CJE167,区域三,2021/6/6 14:13
桂E16765,区域三,2021/6/6 14:09
桂P06398,富民,2021/6/6 14:08
桂AF0918,富民,2021/6/6 14:05
桂K78036,富民,2021/6/6 13:59
桂P85129,富民,2021/6/6 13:57
豫A1325G,富民,2021/6/6 13:50
桂P21528,富民,2021/6/6 13:47
桂P11178,富民,2021/6/6 13:42
赣CQ9106,富民,2021/6/6 13:40
粤GR8605,富民,2021/6/6 13:34
桂P13918,富民,2021/6/6 13:34
桂P87890,富民,2021/6/6 13:32
桂P10036,富民,2021/6/6 13:32
辽J31887,富民,2021/6/6 13:30
桂P25279,富民,2021/6/6 13:26
冀ET9576,富民,2021/6/6 13:23
鲁Q510LN,富民,2021/6/6 13:23
桂K72797,富民,2021/6/6 13:23
桂K73137,富民,2021/6/6 13:15
桂KK3608,富民,2021/6/6 13:12
桂P82873,富民,2021/6/6 13:12
桂AS1882,富民,2021/6/6 13:09
桂KU7651,富民,2021/6/6 13:09
黑AS9623,富民,2021/6/6 13:03
桂K65813,富民,2021/6/6 12:59
桂P80087,富民,2021/6/6 12:58
桂N91330,富民,2021/6/6 12:54
皖LC5004,富民,2021/6/6 12:54
桂P16916,富民,2021/6/6 12:50
陕AW6921,富民,2021/6/6 12:50
桂P12011,传奇,2021/6/6 12:46
桂C15127,传奇,2021/6/6 12:46
桂P52623,富民,2021/6/6 12:44
辽FL8609,富民,2021/6/6 12:44
桂AF0890,富民,2021/6/6 12:39
苏M30223,富民,2021/6/6 12:39
冀A4873U,富民,2021/6/6 12:34
桂P06169,富民,2021/6/6 12:31
皖LC5208,富民,2021/6/6 12:30
桂P17918,富民,2021/6/6 12:29
桂N63998,富民,2021/6/6 12:21
桂P08961,富民,2021/6/6 12:17
桂AQ1392,富民,2021/6/6 12:17
桂KA6855,富民,2021/6/6 12:17
鲁FCB977,富民,2021/6/6 12:16
桂P87893,富民,2021/6/6 12:16
鲁RQ1808,富民,2021/6/6 12:11
桂AD8509,富民,2021/6/6 12:10
桂KC0285,富民,2021/6/6 12:10
桂P82803,富民,2021/6/6 12:09
桂AP8292,富民,2021/6/6 12:06
桂P85386,富民,2021/6/6 12:06
粤G47669,富民,2021/6/6 12:05
苏CWD303,富民,2021/6/6 12:02
鄂ARS597,富民,2021/6/6 12:01
赣M98126,富民,2021/6/6 11:59
桂P82332,富民,2021/6/6 11:58
桂AF3709,富民,2021/6/6 11:55
桂P21000,富民,2021/6/6 11:53
桂E16919,富民,2021/6/6 11:51
桂P07208,传奇,2021/6/6 11:48
桂KU1680,富民,2021/6/6 11:46
桂N53953,富民,2021/6/6 11:45
桂K38575,富民,2021/6/6 11:33
桂KV3818,富民,2021/6/6 11:27
鲁YC7769,区域三,2021/6/6 11:26
桂KY9016,区域三,2021/6/6 11:21
桂NB2285,区域三,2021/6/6 11:19
桂KK0316,区域三,2021/6/6 11:19
豫LJ0983,区域三,2021/6/6 11:18
鲁Q01H68,区域三,2021/6/6 11:15
桂AF5267,区域三,2021/6/6 11:08
桂P21078,区域三,2021/6/6 11:04
桂KF3192,区域三,2021/6/6 10:58
桂E78635,区域三,2021/6/6 10:57
豫PM0359,区域三,2021/6/6 10:51
桂P50069,区域三,2021/6/6 10:40
皖AG3667,区域三,2021/6/6 10:39
桂N53817,区域三,2021/6/6 10:27
桂RB3283,区域三,2021/6/6 10:26
桂E29892,区域三,2021/6/6 10:25
鄂AMS188,区域三,2021/6/6 10:24
桂E17339,区域三,2021/6/6 10:23
桂P20735,区域三,2021/6/6 10:21
桂KH3722,区域三,2021/6/6 10:19
桂P87616,区域三,2021/6/6 10:14
辽J62166,区域三,2021/6/6 10:13
豫FB2063,区域三,2021/6/6 10:12
桂C15127,富民,2021/6/6 10:05
桂BK2669,富民,2021/6/6 10:04
桂P22738,富民,2021/6/6 10:00
桂AV1602,富民,2021/6/6 09:59
桂P25259,富民,2021/6/6 09:58
桂KR7133,富民,2021/6/6 09:57
闽AG3200,富民,2021/6/6 09:55
桂P87229,富民,2021/6/6 09:47
桂KK1807,富民,2021/6/6 09:46
桂P19118,富民,2021/6/6 09:43
桂KY2013,富民,2021/6/6 09:33
桂P05593,富民,2021/6/6 09:32
桂P87680,富民,2021/6/6 09:32
桂P87819,富民,2021/6/6 09:32
桂P21007,富民,2021/6/6 09:22
桂AP8775,富民,2021/6/6 09:20
桂P12137,富民,2021/6/6 09:19
桂P86918,富民,2021/6/6 09:18
桂AV6879,富民,2021/6/6 09:17
桂NB7379,富民,2021/6/6 09:15
赣C0089D,富民,2021/6/6 09:12
桂AN6253,富民,2021/6/6 09:11
桂P87867,富民,2021/6/6 09:09
辽MQ8963,富民,2021/6/6 09:05
鲁Q893JY,富民,2021/6/6 09:00
桂NB6716,富民,2021/6/6 08:57
桂NB1775,富民,2021/6/6 08:54
桂AC8573,传奇,2021/6/6 08:51
豫A1357N,富民,2021/6/6 08:50
鲁GP5630,富民,2021/6/6 08:42
桂P28882,富民,2021/6/6 08:42
桂P11266,富民,2021/6/6 08:39
桂P11589,富民,2021/6/6 08:38
鲁FBV737,富民,2021/6/6 08:33
桂P81386,富民,2021/6/6 08:07
桂NC9668,富民,2021/6/6 08:04
桂P81890,富民,2021/6/6 08:03
桂P21028,传奇,2021/6/6 08:01
豫BZS999,富民,2021/6/6 07:56
桂AS9028,富民,2021/6/6 07:53
桂P26767,富民,2021/6/6 07:52
桂N67281,富民,2021/6/6 07:52
桂P12950,富民,2021/6/6 07:51
桂P12139,富民,2021/6/6 07:45
桂P27186,富民,2021/6/6 07:38
桂P01388,区域四,2021/6/6 07:37
桂AZ8050,传奇,2021/6/6 07:36
桂N99650,区域四,2021/6/6 07:34
赣A30625,区域四,2021/6/6 07:32
桂AV1377,区域四,2021/6/6 07:31
桂P87268,区域四,2021/6/6 07:30
桂N31363,区域四,2021/6/6 07:24
鲁PQ2320,区域四,2021/6/6 07:20
桂P09256,区域四,2021/6/6 07:18
赣F69555,区域四,2021/6/6 07:17
鲁Q098JC,区域四,2021/6/6 07:13
桂P21028,区域四,2021/6/6 07:11
皖LD7786,区域四,2021/6/6 07:07
桂P50122,区域四,2021/6/6 07:03
桂P05007,区域四,2021/6/6 07:02
桂P82725,区域四,2021/6/6 07:01
桂AY1819,区域四,2021/6/6 06:46
桂BA0733,区域四,2021/6/6 06:37
桂AF7051,区域四,2021/6/6 06:29
桂N82789,区域四,2021/6/6 05:49
桂P21815,区域四,2021/6/6 04:59
桂P07153,区域四,2021/6/6 04:51
桂KL6130,区域四,2021/6/6 04:42
桂AY0627,区域四,2021/6/6 04:30
鄂D29780,区域四,2021/6/6 02:55
桂N95772,区域四,2021/6/6 02:38
桂P26685,区域四,2021/6/6 02:06
桂AQ9518,区域四,2021/6/6 01:40
粤GM7831,区域四,2021/6/6 01:40
粤BFQ053,区域四,2021/6/6 01:21
桂P87696,富民,2021/6/6 01:17
桂P25855,富民,2021/6/6 00:54
冀A5559H,富民,2021/6/6 00:49
冀A8172W,富民,2021/6/6 00:49
赣C2527W,富民,2021/6/6 00:26
鲁FBS795,富民,2021/6/6 00:18
鲁H02Z66,富民,2021/6/6 00:07
冀EU9723,富民,2021/6/6 00:02
桂P05783,富民,2021/6/6 00:01
桂P28269,富民,2021/6/6 00:01
鲁PT9953,富民,2021/6/6 00:00
桂P28211,富民,2021/6/6 00:00
桂N97357,富民,2021/6/6 00:00
鲁Q7582H,传奇,2021/6/5 22:04
桂N60995,传奇,2021/6/5 20:35
桂P82875,传奇,2021/6/5 20:21
冀FT6844,传奇,2021/6/5 20:01
桂N61579,传奇,2021/6/5 16:35
桂N37896,传奇,2021/6/5 15:12
桂R07288,传奇,2021/6/4 22:00
桂P27131,传奇,2021/6/4 18:06
桂P10738,传奇,2021/6/4 15:44
桂P82322,传奇,2021/6/4 14:48
桂P08035,传奇,2021/6/4 13:15
桂P81085,传奇,2021/6/4 10:11
桂NB6766,传奇,2021/6/4 09:56
桂P81777,传奇,2021/6/4 07:52
桂P21050,传奇,2021/6/3 23:46
桂AP3888,传奇,2021/6/3 20:59
辽BHD318,袁木桂,2021/6/3 19:38
桂P17918,传奇,2021/6/3 16:53
桂N88382,传奇,2021/6/3 14:23
桂NB9950,传奇,2021/6/3 13:09
桂AC0879,传奇,2021/6/3 11:09
桂AF0892,传奇,2021/6/3 11:04
桂AW0336,传奇,2021/6/3 10:58
桂K56152,传奇,2021/6/2 19:05
桂AX3252,传奇,2021/6/2 17:48
桂KA3977,传奇,2021/6/2 17:38
桂P21298,传奇,2021/6/2 15:54
赣CX8228,袁木桂,2021/6/2 14:03
桂P28158,传奇,2021/6/2 13:48
桂NB6319,传奇,2021/6/2 13:33
桂N88662,传奇,2021/6/2 13:12
桂P21078,传奇,2021/6/2 12:53
桂P21882,传奇,2021/6/2 11:38
桂KL6139,传奇,2021/6/2 11:19
桂AD9958,传奇,2021/6/2 07:40
桂P21159,传奇,2021/6/2 06:28
桂P08817,传奇,2021/6/2 01:46
桂P09192,传奇,2021/6/1 21:26
桂P81813,传奇,2021/6/1 20:20
桂P20258,传奇,2021/6/1 17:28
桂N86611,传奇,2021/6/1 15:36
辽BM6758,传奇,2021/6/1 13:45
桂NB5529,传奇,2021/6/1 12:30
桂K29523,传奇,2021/6/1 12:13
桂P21885,传奇,2021/6/1 12:03
桂AV9553,袁木桂,2021/6/1 09:35
桂P20719,传奇,2021/6/1 09:21
桂P81391,传奇,2021/6/1 08:53
桂P21891,传奇,2021/6/1 08:46
桂P87889,传奇,2021/6/1 07:43
桂P13022,传奇,2021/6/1 06:59
桂P28269,传奇,2021/6/1 00:02